large_city,large_city_population,comparison_place,size_class,population,distance_km,search_radius_km,lat,lon,municipality_key,wikidata_id
Berlin,3782202,Berlin,large,3782202,0.0,0,52.516666666,13.383333333,11000000,Q64
Berlin,3782202,Teltow,medium,27880,14.843478754366757,30,52.402222222,13.270555555,12069616,Q572512
Berlin,3782202,Velten,small,12733,23.976320952620917,30,52.691388888,13.175277777,12065332,Q585613
Berlin,3782202,Gosen-Neu Zittau,rural,3428,26.19932495081367,30,52.393333333,13.712777777,12067173,Q624117
Hamburg,1910160,Hamburg,large,1910160,0.0,0,53.55,10.0,02000000,Q1055
Hamburg,1910160,Reinbek,medium,28579,17.03837927334834,30,53.508888888,10.248333333,01062060,Q516405
Hamburg,1910160,Schenefeld,small,19817,13.057085992464073,30,53.602777777,9.823333333,01056044,Q503893
Hamburg,1910160,Stapelfeld,rural,1880,15.347679517288798,30,53.6,10.216666666,01062071,Q202715
München,1510378,München,large,1510378,0.0,0,48.1375,11.575,09162000,Q1726
München,1510378,Haar,medium,23056,11.945467631912717,30,48.111388888,11.731111111,09184123,Q504820
München,1510378,Garching bei München,small,17577,13.689125749537684,30,48.25,11.65,09184119,Q264620
München,1510378,Baierbrunn,rural,3426,15.063412704596075,30,48.016666666,11.483333333,09184113,Q503705
Köln,1024621,Köln,large,1024621,0.0,0,50.942222222,6.957777777,05315000,Q365
Köln,1024621,Hürth,medium,61252,9.19673076284734,30,50.8775,6.876111111,05362028,Q4060
Köln,1024621,Burscheid,small,19005,19.309627578140837,30,51.085555555,7.113611111,05378008,Q245579
Köln,1024621,Rheinbreitbach,rural,4538,40.62125566030304,50,50.620277777,7.230833333,07138062,Q566032
Frankfurt am Main,775790,Frankfurt am Main,large,775790,0.0,0,50.110555555,8.682222222,06412000,Q1794
Frankfurt am Main,775790,Offenbach am Main,medium,135490,6.135733414530183,30,50.1,8.766666666,06413000,Q3042
Frankfurt am Main,775790,Steinbach (Taunus),small,10869,10.115884117386392,30,50.167777777,8.571875,06434010,Q622573
Frankfurt am Main,775790,Messel,rural,4263,19.598816242208297,30,49.938330555,8.740561111,06432012,Q7386758
Stuttgart,633484,Stuttgart,large,633484,0.0,0,48.7775,9.18,08111000,Q1022
Stuttgart,633484,Korntal-Münchingen,medium,20394,7.295884913908258,30,48.830555555,9.121388888,08118080,Q61663
Stuttgart,633484,Gerlingen,small,19774,8.768970298827742,30,48.8,9.065277777,08118019,Q61843
Stuttgart,633484,Affalterbach,rural,4524,19.116008235939255,30,48.921944444,9.321666666,08118001,Q61647
Düsseldorf,631217,Düsseldorf,large,631217,0.0,0,51.225555555,6.776666666,05111000,Q1718
Düsseldorf,631217,Meerbusch,medium,57440,8.917445821009801,30,51.266666666,6.666666666,05162022,Q4105
Düsseldorf,631217,Burscheid,small,19005,28.1878947331826,30,51.085555555,7.113611111,05378008,Q245579
Düsseldorf,631217,Buchholz,rural,4801,73.64933891027232,75,50.689444444,7.394166666,07138080,Q591364
Leipzig,611850,Leipzig,large,611850,0.0,0,51.3406321,12.3747329,14713000,Q2079
Leipzig,611850,Markkleeberg,medium,24488,7.24659257728975,30,51.275555,12.369166,14729260,Q10782
Leipzig,611850,Taucha,small,15759,9.342984276681662,30,51.38,12.493611111,14730300,Q12050
Leipzig,611850,Jesewitz,rural,3092,15.878254149777566,30,51.422222222,12.5625,14730140,Q16047
Dortmund,595471,Dortmund,large,595471,0.0,0,51.513888888,7.465277777,05913000,Q1295
Dortmund,595471,Schwerte,medium,46571,10.257844187847443,30,51.445833333,7.565277777,05978028,Q6863
Dortmund,595471,Olfen,small,13298,22.4385968226703,30,51.708611111,7.38,05558036,Q14937
Dortmund,595471,Friesenhagen,rural,1649,72.02543630967715,75,50.903333333,7.810555555,07132037,Q627732
Essen,586608,Essen,large,586608,0.0,0,51.450833333,7.013055555,05113000,Q2066
Essen,586608,Bottrop,medium,118705,10.088947504231585,30,51.52325,6.925269444,05512000,Q3069
Essen,586608,Breckerfeld,small,9120,37.91023924907076,50,51.261111111,7.466666666,05954004,Q11323
Essen,586608,Friesenhagen,rural,1649,82.44259842796396,100,50.903333333,7.810555555,07132037,Q627732
Bremen,577026,Bremen,large,577026,0.0,0,53.075833333,8.807222222,04011000,Q24879
Bremen,577026,Delmenhorst,medium,78979,12.062812555356969,30,53.050555555,8.631666666,03401000,Q3907
Bremen,577026,Bassum,small,16794,25.745021698646042,30,52.849444444,8.726666666,03251007,Q501865
Bremen,577026,Riede,rural,3092,15.445041825164669,30,52.966666666,8.95,03361010,Q505604
Dresden,564904,Dresden,large,564904,0.0,0,51.0493286,13.7381437,14612000,Q1731
Dresden,564904,Freital,medium,39281,7.154101247888884,30,51.016666666,13.65,14628110,Q5870
Dresden,564904,Heidenau,small,16667,11.60520974189858,30,50.983333333,13.866666666,14628160,Q6715
Dresden,564904,Müglitztal,rural,1943,15.742224716589737,30,50.916666666,13.816666666,14628250,Q8205
Hannover,548186,Hannover,large,548186,0.0,0,52.374444444,9.738611111,03241001,Q1715
Hannover,548186,Langenhagen,medium,55746,7.228294243205287,30,52.439444444,9.74,03241010,Q4158
Hannover,548186,Hemmingen,small,18885,5.721554796598703,30,52.323611111,9.725555555,03241007,Q534259
Hannover,548186,Suthfeld,rural,1476,23.004687169969927,30,52.366666666,9.4,03257036,Q681262
Nürnberg,529508,Nürnberg,large,529508,0.0,0,49.453888888,11.0775,09564000,Q2090
Nürnberg,529508,Fürth,medium,132036,6.864239591666805,30,49.478333333,10.990277777,09563000,Q3075
Nürnberg,529508,Stein,small,14851,6.039963080424346,30,49.416666666,11.016666666,09573127,Q522045
Nürnberg,529508,Seukendorf,rural,3178,15.140892602463715,30,49.488888888,10.875,09573126,Q383134
Duisburg,500810,Duisburg,large,500810,0.0,0,51.432222222,6.761111111,05112000,Q2100
Duisburg,500810,Moers,medium,105606,10.2464905488589,30,51.459166666,6.619722222,05170024,Q3132
Duisburg,500810,Straelen,small,16544,34.326830890385665,50,51.45,6.266666666,05154052,Q8856
Duisburg,500810,Buchholz,rural,4801,93.69515010132255,100,50.689444444,7.394166666,07138080,Q591364
Bochum,366385,Bochum,large,366385,0.0,0,51.483333333,7.216666666,05911000,Q2103
Bochum,366385,Hattingen,medium,54620,9.599809999740474,30,51.399166666,7.185833333,05954016,Q4082
Bochum,366385,Olfen,small,13298,27.473233883378526,30,51.708611111,7.38,05558036,Q14937
Bochum,366385,Friesenhagen,rural,1649,76.6291163960431,100,50.903333333,7.810555555,07132037,Q627732
Wuppertal,358938,Wuppertal,large,358938,0.0,0,51.266666666,7.183333333,05124000,Q2107
Wuppertal,358938,Schwelm,medium,28711,8.348726669722302,30,51.29045,7.297180555,05954024,Q11293
Wuppertal,358938,Hückeswagen,small,14770,17.455621261452325,30,51.145,7.341666666,05374016,Q11038
Wuppertal,358938,Friesenhagen,rural,1649,59.5951053221165,75,50.903333333,7.810555555,07132037,Q627732
Bielefeld,338410,Bielefeld,large,338410,0.0,0,52.016666666,8.533333333,05711000,Q2112
Bielefeld,338410,Halle (Westf.),medium,22198,12.850349736499695,30,52.060833333,8.359722222,05754012,Q225774
Bielefeld,338410,Werther (Westf.),small,11193,10.505244047335495,30,52.075,8.4125,05754052,Q32750
Bielefeld,338410,Luhden,rural,1191,44.65463325551907,50,52.225277777,9.092222222,03257022,Q587533
Bonn,335789,Bonn,large,335789,0.0,0,50.735277777,7.102222222,05314000,Q586
Bonn,335789,Sankt Augustin,medium,56692,7.085063430782235,30,50.77,7.186666666,05382056,Q4090
Bonn,335789,Unkel,small,5041,16.931135467890925,30,50.600833333,7.215,07138073,Q498589
Bonn,335789,Rheinbreitbach,rural,4538,15.672976075203579,30,50.620277777,7.230833333,07138062,Q566032
Mannheim,316877,Mannheim,large,316877,0.0,0,49.487777777,8.466111111,08222000,Q2119
Mannheim,316877,Frankenthal,medium,49122,9.794790605889201,30,49.533333333,8.35,07311000,Q6905
Mannheim,316877,Ladenburg,small,12704,10.48395388720266,30,49.471944444,8.609166666,08226038,Q83225
Mannheim,316877,Heuchelheim bei Frankenthal,rural,1283,15.189566179421936,30,49.564722222,8.292222222,07338013,Q566956
Karlsruhe,309964,Karlsruhe,large,309964,0.0,0,49.016666666,8.4,08212000,Q1040
Karlsruhe,309964,Stutensee,medium,25311,7.472751878028903,30,49.064722222,8.471666666,08215109,Q22884
Karlsruhe,309964,Wörth am Rhein,small,18405,10.90399693849378,30,49.051666666,8.260277777,07334501,Q522165
Karlsruhe,309964,Berg (Pfalz),rural,2003,15.08085116991753,30,48.983055555,8.199722222,07334002,Q681063
Münster,306368,Münster,large,306368,0.0,0,51.9625,7.625555555,05515000,Q2742
Münster,306368,Telgte,medium,20301,11.171384991931976,30,51.981944444,7.785555555,05570044,Q2789
Münster,306368,Sendenhorst,small,13760,19.142348393195533,30,51.843888888,7.827777777,05570040,Q2740
Münster,306368,Ohne,rural,589,41.109269810949606,50,52.266666666,7.283333333,03456016,Q622267
Augsburg,303150,Augsburg,large,303150,0.0,0,48.368888888,10.897777777,09761000,Q2749
Augsburg,303150,Gersthofen,medium,23492,5.788006778684449,30,48.416666666,10.866666666,09772147,Q502767
Augsburg,303150,Stadtbergen,small,15614,3.5380829999480095,30,48.366666666,10.85,09772202,Q503300
Augsburg,303150,Wehringen,rural,3055,15.068395373643396,30,48.25,10.8,09772215,Q385664
Wiesbaden,285522,Wiesbaden,large,285522,0.0,0,50.0825,8.24,06414000,Q1721
Wiesbaden,285522,Taunusstein,medium,30820,8.834996225407812,30,50.143472222,8.160555555,06439015,Q569664
Wiesbaden,285522,Eltville am Rhein,small,17040,10.686193734235793,30,50.025,8.120069444,06439003,Q275193
Wiesbaden,285522,Klein-Winternheim,rural,3716,16.18862262279671,30,49.938055555,8.211666666,07339032,Q630978
Mönchengladbach,268943,Mönchengladbach,large,268943,0.0,0,51.2,6.433333333,05116000,Q2758
Mönchengladbach,268943,Korschenbroich,medium,34324,6.095861264382807,30,51.183333333,6.516666666,05162020,Q16042
Mönchengladbach,268943,Wassenberg,small,19541,22.676164503969147,30,51.1,6.15,05370036,Q204919
Mönchengladbach,268943,Berg,rural,1306,80.20918038321734,100,50.555555555,6.946944444,07131011,Q647551
Gelsenkirchen,265885,Gelsenkirchen,large,265885,0.0,0,51.510277777,7.094166666,05513000,Q2765
Gelsenkirchen,265885,Gladbeck,medium,75799,10.274256071587564,30,51.57134,6.98267,05562014,Q3905
Gelsenkirchen,265885,Olfen,small,13298,29.59646961383836,30,51.708611111,7.38,05558036,Q14937
Gelsenkirchen,265885,Friesenhagen,rural,1649,83.93673400298236,100,50.903333333,7.810555555,07132037,Q627732
Aachen,252769,Aachen,large,252769,0.0,0,50.776207,6.083788,05334002,Q1017
Aachen,252769,Würselen,medium,38750,6.208009557803401,30,50.824722222,6.1275,05334036,Q14901
Aachen,252769,Linnich,small,13056,25.97247726629637,30,50.978888888,6.267777777,05358036,Q200122
Aachen,252769,Scheid,rural,120,51.24864021177367,75,50.366666666,6.416666666,07233237,Q681112
Kiel,252668,Kiel,large,252668,0.0,0,54.323333333,10.139444444,01002000,Q1707
Kiel,252668,Eckernförde,medium,21620,25.74118240163221,30,54.474166666,9.837777777,01058043,Q490453
Kiel,252668,Schwentinental,small,14032,6.907379967341457,30,54.287,10.2258,01057091,Q640402
Kiel,252668,Höhndorf,rural,490,15.495815148240174,30,54.366666666,10.366666666,01057028,Q636439
Braunschweig,252066,Braunschweig,large,252066,0.0,0,52.269166666,10.521111111,03101000,Q2773
Braunschweig,252066,Wolfenbüttel,medium,53034,11.940519999448624,30,52.162222222,10.536944444,03158037,Q4122
Braunschweig,252066,Königslutter am Elm,small,15860,20.228331724871612,30,52.25,10.816666666,03154013,Q39596
Braunschweig,252066,Dettum,rural,1187,15.107235416991143,30,52.166666666,10.666666666,03158009,Q640134
Chemnitz,245618,Chemnitz,large,245618,0.0,0,50.8323531,12.918914,14511000,Q2795
Chemnitz,245618,Limbach-Oberfrohna,medium,23923,12.457157227188931,30,50.866666666,12.75,14524180,Q20076
Chemnitz,245618,Flöha,small,10426,11.019371071194001,30,50.855833333,13.071388888,14522140,Q71166
Chemnitz,245618,Altmittweida,rural,1903,15.303207212492405,30,50.967777777,12.957777777,14522010,Q70934
Halle (Saale),242172,Halle (Saale),large,242172,0.0,0,51.482777777,11.969722222,15002000,Q2814
Halle (Saale),242172,Merseburg,medium,34721,14.359315998690438,30,51.354444444,11.992777777,15088220,Q14945
Halle (Saale),242172,Bad Lauchstädt,small,8995,12.75816818216132,30,51.38652,11.86956,15088025,Q523975
Halle (Saale),242172,Obhausen,rural,2170,22.945341931638502,30,51.399722222,11.666666666,15088265,Q542937
Magdeburg,240114,Magdeburg,large,240114,0.0,0,52.1315889,11.6399609,15003000,Q1733
Magdeburg,240114,Schönebeck,medium,30402,14.827582707842193,30,52.016666666,11.75,15089305,Q16020
Magdeburg,240114,Wolmirstedt,small,11782,13.262131083809013,30,52.25,11.616667,15083565,Q653962
Magdeburg,240114,Loitsche-Heinrichsberg,rural,963,17.66137048921287,30,52.2833,11.7167,15083361,Q690599
Freiburg im Breisgau,237244,Freiburg im Breisgau,large,237244,0.0,0,47.995,7.85,08311000,Q2833
Freiburg im Breisgau,237244,Waldkirch,medium,22266,13.74036828788439,30,48.093888888,7.960833333,08316056,Q505447
Freiburg im Breisgau,237244,Vogtsburg im Kaiserstuhl,small,6218,19.315907710062064,30,48.089166666,7.631666666,08315133,Q505478
Freiburg im Breisgau,237244,Bahlingen am Kaiserstuhl,rural,4613,16.437612611817393,30,48.121944444,7.736666666,08316002,Q518801
Krefeld,228550,Krefeld,large,228550,0.0,0,51.333333333,6.566666666,05114000,Q2805
Krefeld,228550,Tönisvorst,medium,29331,5.300207962479438,30,51.320833333,6.493055555,05166028,Q163570
Krefeld,228550,Straelen,small,16544,24.527042681939836,30,51.45,6.266666666,05154052,Q8856
Krefeld,228550,Berg,rural,1306,90.4955027446612,100,50.555555555,6.946944444,07131011,Q647551
Mainz,222889,Mainz,large,222889,0.0,0,49.999444444,8.273611111,07315000,Q1720
Mainz,222889,Rüsselsheim am Main,medium,67656,9.900262303256602,30,49.995,8.411944444,06433012,Q4031
Mainz,222889,Hochheim am Main,small,18810,5.657449472156543,30,50.010833333,8.350763888,06436006,Q632750
Mainz,222889,Selzen,rural,1526,15.499413844407929,30,49.860555555,8.255277777,07339053,Q678449
Lübeck,219044,Lübeck,large,219044,0.0,0,53.869722222,10.686388888,01003000,Q2843
Lübeck,219044,Bad Schwartau,medium,20169,5.576595437785792,30,53.919444444,10.6975,01055004,Q516432
Lübeck,219044,Reinfeld,small,9023,13.91982617268807,30,53.833333333,10.483333333,01062061,Q539463
Lübeck,219044,Niendorf,rural,314,15.182521176882362,30,53.80931,10.89391,13074058,Q671179
Erfurt,215199,Erfurt,large,215199,0.0,0,50.978055555,11.028888888,16051000,Q1729
Erfurt,215199,Arnstadt,medium,28264,17.013389794497407,30,50.834166666,10.946388888,16070004,Q490665
Erfurt,215199,Bad Berka,small,7385,19.829144316785293,30,50.9,11.283333333,16071003,Q630334
Erfurt,215199,Markvippach,rural,542,15.171234468260069,30,51.07881,11.175167,16068036,Q556493
Oberhausen,211099,Oberhausen,large,211099,0.0,0,51.4699,6.8514,05119000,Q2838
Oberhausen,211099,Bottrop,medium,118705,7.832067161008944,30,51.52325,6.925269444,05512000,Q3069
Oberhausen,211099,Straelen,small,16544,40.571409778814896,50,51.45,6.266666666,05154052,Q8856
Oberhausen,211099,Friesenhagen,rural,1649,91.85545579919685,100,50.903333333,7.810555555,07132037,Q627732
Rostock,210795,Rostock,large,210795,0.0,0,54.083333333,12.133333333,13003000,Q2861
Rostock,210795,Güstrow,medium,29582,32.307946847590586,50,53.793888888,12.176388888,13072043,Q16147
Rostock,210795,Bad Doberan,small,13105,15.101324255775852,30,54.106944444,11.905277777,13072006,Q9536
Rostock,210795,Börgerende-Rethwisch,rural,1695,15.17905392781757,30,54.133333333,11.916666666,13072017,Q644122
Kassel,204687,Kassel,large,204687,0.0,0,51.315777777,9.497916666,06611000,Q2865
Kassel,204687,Baunatal,medium,28298,8.40509659141474,30,51.258888888,9.418333333,06633003,Q516581
Kassel,204687,Vellmar,small,18622,5.222139453832535,30,51.358780555,9.4677,06633026,Q569651
Kassel,204687,Körle,rural,3186,16.63171797396045,30,51.166666666,9.516666666,06634012,Q621208
Hagen,190384,Hagen,large,190384,0.0,0,51.359444444,7.475,05914000,Q2871
Hagen,190384,Herdecke,medium,22665,5.357123841581154,30,51.4,7.433333333,05954020,Q11337
Hagen,190384,Breckerfeld,small,9120,10.949514545005679,30,51.261111111,7.466666666,05954004,Q11323
Hagen,190384,Friesenhagen,rural,1649,55.86123750280964,75,50.903333333,7.810555555,07132037,Q627732
Potsdam,187119,Potsdam,large,187119,0.0,0,52.4009309,13.0591397,12054000,Q1711
Potsdam,187119,Werder (Havel),medium,26970,8.799915654594763,30,52.378055555,12.935,12069656,Q525686
Potsdam,187119,Ketzin/Havel,small,6758,17.007561156203924,30,52.478055,12.842465,12063148,Q583450
Potsdam,187119,Borkwalde,rural,2131,22.75371731924773,30,52.25,12.833055555,12069056,Q623947
Saarbrücken,183509,Saarbrücken,large,183509,0.0,0,49.233333333,7.0,10041100,Q1724
Saarbrücken,183509,St. Ingbert,medium,35059,9.763042803299717,30,49.278888888,7.115,10045117,Q14907
Saarbrücken,183509,Sulzbach/Saar,small,16368,7.370075676561684,30,49.283333333,7.066666666,10041518,Q616258
Saarbrücken,183509,Althornbach,rural,680,28.135821861576225,30,49.196944444,7.383333333,07340201,Q441106
Hamm,180761,Hamm,large,180761,0.0,0,51.681388888,7.819166666,05915000,Q2880
Hamm,180761,Ahlen,medium,53278,10.372279641508841,30,51.763333333,7.891111111,05570004,Q1132
Hamm,180761,Drensteinfurt,small,15865,13.725203461803746,30,51.794444444,7.739166666,05570016,Q2713
Hamm,180761,Ohne,rural,589,74.71605955289768,75,52.266666666,7.283333333,03456016,Q622267
Ludwigshafen am Rhein,176110,Ludwigshafen am Rhein,large,176110,0.0,0,49.481111111,8.435277777,07314000,Q2910
Ludwigshafen am Rhein,176110,Frankenthal,medium,49122,8.463679969340026,30,49.533333333,8.35,07311000,Q6905
Ludwigshafen am Rhein,176110,Ladenburg,small,12704,12.604760052291716,30,49.471944444,8.609166666,08226038,Q83225
Ludwigshafen am Rhein,176110,Erpolzheim,rural,1320,15.25635579394667,30,49.489166666,8.224444444,07332015,Q22526
Oldenburg,174629,Oldenburg,large,174629,0.0,0,53.143888888,8.213888888,03403000,Q2936
Oldenburg,174629,Westerstede,medium,23984,23.048071084667892,30,53.25,7.916666666,03451007,Q492360
Oldenburg,174629,Elsfleth,small,9187,19.55908895601773,30,53.233333333,8.466666666,03461004,Q509939
Oldenburg,174629,Uthlede,rural,962,30.973230951368762,50,53.314438888,8.581791666,03352054,Q629094
Mülheim an der Ruhr,173255,Mülheim an der Ruhr,large,173255,0.0,0,51.4275,6.8825,05117000,Q2899
Mülheim an der Ruhr,173255,Bottrop,medium,118705,11.051301499917177,30,51.52325,6.925269444,05512000,Q3069
Mülheim an der Ruhr,173255,Burscheid,small,19005,41.28402339219828,50,51.085555555,7.113611111,05378008,Q245579
Mülheim an der Ruhr,173255,Friesenhagen,rural,1649,87.08852941522527,100,50.903333333,7.810555555,07132037,Q627732
Osnabrück,166960,Osnabrück,large,166960,0.0,0,52.278888888,8.043055555,03404000,Q2916
Osnabrück,166960,Georgsmarienhütte,medium,32022,8.433057138582503,30,52.203055555,8.044722222,03459019,Q16078
Osnabrück,166960,Bad Iburg,small,10574,13.31554777731475,30,52.159166666,8.047222222,03459004,Q501621
Osnabrück,166960,Neuenkirchen,rural,4650,20.919882644930272,30,52.416666666,7.833333333,03459027,Q679309
Leverkusen,166414,Leverkusen,large,166414,0.0,0,51.033333333,6.983333333,05316000,Q2938
Leverkusen,166414,Monheim am Rhein,medium,43524,9.426593588605524,30,51.1,6.9,05158026,Q7062
Leverkusen,166414,Burscheid,small,19005,10.798935036403645,30,51.085555555,7.113611111,05378008,Q245579
Leverkusen,166414,Buchholz,rural,4801,47.891891769529515,50,50.689444444,7.394166666,07138080,Q591364
Darmstadt,164792,Darmstadt,large,164792,0.0,0,49.866666666,8.65,06411000,Q2973
Darmstadt,164792,Weiterstadt,medium,26291,5.154783413475522,30,49.9,8.6,06432023,Q285140
Darmstadt,164792,Ober-Ramstadt,small,15313,8.071156740899868,30,49.833333333,8.75,06432016,Q569633
Darmstadt,164792,Fischbachtal,rural,2785,15.903919700412645,30,49.770555555,8.814166666,06432007,Q561110
Heidelberg,162960,Heidelberg,large,162960,0.0,0,49.4093582,8.694724,08221000,Q2966
Heidelberg,162960,Leimen,medium,27286,6.821568589960042,30,49.348055555,8.691111111,08226041,Q23007
Heidelberg,162960,Eppelheim,small,15543,4.791783182656327,30,49.401111111,8.629722222,08226018,Q82539
Heidelberg,162960,Spechbach,rural,1766,15.430756844361248,30,49.346111111,8.884444444,08226086,Q82220
Solingen,161545,Solingen,large,161545,0.0,0,51.171944444,7.084722222,05122000,Q2942
Solingen,161545,Haan,medium,30558,5.921000470282977,30,51.1954956,7.0085328,05158008,Q2974
Solingen,161545,Burscheid,small,19005,9.815277361811383,30,51.085555555,7.113611111,05378008,Q245579
Solingen,161545,Kircheib,rural,536,57.66260517919722,75,50.709444444,7.456944444,07132062,Q124365
Herne,157896,Herne,large,157896,0.0,0,51.54258,7.21897,05916000,Q2904
Herne,157896,Castrop-Rauxel,medium,74370,6.805942528727236,30,51.55,7.316666666,05562004,Q3898
Herne,157896,Olfen,small,13298,21.549966470421786,30,51.708611111,7.38,05558036,Q14937
Herne,157896,Ohne,rural,589,80.63585485258996,100,52.266666666,7.283333333,03456016,Q622267
Paderborn,155749,Paderborn,large,155749,0.0,0,51.716666666,8.766666666,05774032,Q2971
Paderborn,155749,Salzkotten,medium,25283,12.270598049174147,30,51.670833333,8.604722222,05774036,Q183515
Paderborn,155749,Bad Lippspringe,small,16884,8.173131218215374,30,51.783333333,8.816666666,05774008,Q183307
Paderborn,155749,Diemelsee,rural,4686,38.986490158729,50,51.366666666,8.8,06635007,Q627725
Neuss,155163,Neuss,large,155163,0.0,0,51.200277777,6.693888888,05162024,Q2948
Neuss,155163,Kaarst,medium,44208,5.558120362528438,30,51.22785,6.627330555,05162016,Q7088
Neuss,155163,Burscheid,small,19005,31.938565639986393,50,51.085555555,7.113611111,05378008,Q245579
Neuss,155163,Berg,rural,1306,73.85565846630614,75,50.555555555,6.946944444,07131011,Q647551
Regensburg,151517,Regensburg,large,151517,0.0,0,49.016666666,12.083333333,09362000,Q2978
Regensburg,151517,Schwandorf,medium,30239,34.149334640093976,50,49.3236,12.09935,09376161,Q504768
Regensburg,151517,Neutraubling,small,14614,8.850618562242593,30,48.987777777,12.196388888,09375174,Q488625
Regensburg,151517,Holzheim am Forst,rural,1111,15.851483465728577,30,49.148055555,11.998888888,09375153,Q491723
