municipality_key,size_class,comparison_place,n_heatwaves,mean_max_temp,mean_avg_temp,mean_duration
11000000,large,Berlin,39,33.03846,31.47436,4.205128205128205
12069616,medium,Teltow,30,33.116665,31.663334,4.1
12065332,small,Velten,28,32.639286,31.189285,3.9642857142857144
12067173,rural,Gosen-Neu Zittau,35,32.559998,31.25143,3.942857142857143
02000000,large,Hamburg,21,32.085712,30.657143,4.333333333333333
01062060,medium,Reinbek,24,31.954168,30.558334,4.166666666666667
01056044,small,Schenefeld,19,31.74737,30.4,4.473684210526316
01062071,rural,Stapelfeld,19,32.04737,30.521053,4.526315789473684
09162000,large,München,40,32.1675,30.75,3.875
09184123,medium,Haar,39,31.782051,30.489742,3.871794871794872
09184119,small,Garching bei München,36,32.247223,31.038889,3.9722222222222223
09184113,rural,Baierbrunn,31,31.687096,30.41613,3.870967741935484
05315000,large,Köln,32,33.86875,31.959373,4.09375
05362028,medium,Hürth,32,33.8125,31.865625,4.03125
05378008,small,Burscheid,29,32.927586,31.186207,4.103448275862069
07138062,rural,Rheinbreitbach,27,33.32963,31.696297,4.074074074074074
06412000,large,Frankfurt am Main,33,33.645454,32.342426,4.0606060606060606
06413000,medium,Offenbach am Main,34,33.558823,32.241177,4.088235294117647
06434010,small,Steinbach (Taunus),25,32.992,31.84,4.0
06432012,rural,Messel,31,32.951614,31.819355,3.903225806451613
08111000,large,Stuttgart,30,33.123333,31.956667,4.0
08118080,medium,Korntal-Münchingen,29,32.63793,31.531034,3.9655172413793105
08118019,small,Gerlingen,30,32.469997,31.373333,3.8666666666666667
08118001,rural,Affalterbach,33,32.860607,31.699999,3.878787878787879
05111000,large,Düsseldorf,30,33.433334,31.81,3.966666666666667
05162022,medium,Meerbusch,29,33.244827,31.596552,3.9655172413793105
07138080,rural,Buchholz,27,32.95926,31.203703,3.962962962962963
14713000,large,Leipzig,26,32.996155,31.819231,3.8846153846153846
14729260,medium,Markkleeberg,26,32.846153,31.66154,3.9615384615384617
14730300,small,Taucha,28,32.939285,31.717855,3.892857142857143
14730140,rural,Jesewitz,27,32.844444,31.692593,3.925925925925926
05913000,large,Dortmund,28,33.092857,31.517857,4.035714285714286
05978028,medium,Schwerte,26,32.942307,31.315386,4.153846153846154
05558036,small,Olfen,28,33.110714,31.478573,4.142857142857143
07132037,rural,Friesenhagen,20,32.095,30.670002,3.9
05113000,large,Essen,25,32.964,31.552,4.0
05512000,medium,Bottrop,28,32.81786,31.360714,3.892857142857143
05954004,small,Breckerfeld,18,32.005554,30.42222,4.0
04011000,large,Bremen,17,31.935295,30.552942,4.411764705882353
03401000,medium,Delmenhorst,18,31.972221,30.63889,4.166666666666667
03251007,small,Bassum,19,32.778946,31.078947,4.052631578947368
03361010,rural,Riede,16,32.58125,30.93125,4.4375
14612000,large,Dresden,31,32.687096,31.590322,3.6774193548387095
14628110,medium,Freital,32,32.7125,31.425,3.71875
14628160,small,Heidenau,26,32.892307,31.788462,3.8461538461538463
14628250,rural,Müglitztal,25,32.268,31.008001,3.8
03241001,large,Hannover,22,33.21364,31.577272,4.318181818181818
03241010,medium,Langenhagen,21,33.12857,31.466665,4.285714285714286
03241007,small,Hemmingen,20,33.05,31.41,4.2
03257036,rural,Suthfeld,20,32.98,31.279999,4.45
09564000,large,Nürnberg,38,33.218422,31.905264,3.9473684210526314
09563000,medium,Fürth,38,33.123684,31.83421,3.8684210526315788
09573127,small,Stein,37,33.135136,31.927029,3.8378378378378377
09573126,rural,Seukendorf,36,32.694443,31.516666,3.8333333333333335
05112000,large,Duisburg,28,33.014286,31.475,4.0
05170024,medium,Moers,27,32.944443,31.385185,4.074074074074074
05154052,small,Straelen,23,32.508698,31.243477,3.8260869565217392
05911000,large,Bochum,25,33.184,31.644,4.2
05954016,medium,Hattingen,24,32.8125,31.358332,4.083333333333333
05124000,large,Wuppertal,24,32.625,31.120834,3.75
05954024,medium,Schwelm,20,32.425,30.935001,4.0
05374016,small,Hückeswagen,23,32.291306,30.76087,3.9130434782608696
05711000,large,Bielefeld,24,32.808334,31.304167,4.25
05754012,medium,Halle (Westf.),25,32.676003,31.076,4.28
05754052,small,Werther (Westf.),25,32.656002,31.06,4.28
03257022,rural,Luhden,19,32.689472,31.18421,4.105263157894737
05314000,large,Bonn,32,33.85625,32.053123,3.96875
05382056,medium,Sankt Augustin,32,33.399998,31.66875,4.0
07138073,small,Unkel,29,33.706898,32.03793,4.137931034482759
08222000,large,Mannheim,35,33.88286,32.54857,3.914285714285714
07311000,medium,Frankenthal,40,34.2925,32.817497,4.075
08226038,small,Ladenburg,28,33.628574,32.5,3.7142857142857144
07338013,rural,Heuchelheim bei Frankenthal,37,33.943245,32.575676,4.081081081081081
08212000,large,Karlsruhe,45,33.49111,32.262222,3.888888888888889
08215109,medium,Stutensee,39,33.497437,32.274357,3.871794871794872
07334501,small,Wörth am Rhein,45,33.52222,32.31333,3.8444444444444446
07334002,rural,Berg (Pfalz),46,33.497826,32.28913,3.869565217391304
05515000,large,Münster,25,33.3,31.648,4.24
05570044,medium,Telgte,27,33.17037,31.581482,4.148148148148148
05570040,small,Sendenhorst,25,33.284,31.58,4.12
03456016,rural,Ohne,23,32.908695,31.234783,4.304347826086956
09761000,large,Augsburg,28,32.267857,31.064285,3.9642857142857144
09772147,medium,Gersthofen,28,32.360714,31.15,3.9642857142857144
09772202,small,Stadtbergen,29,32.28276,31.062069,3.9310344827586206
09772215,rural,Wehringen,32,32.0,30.8625,3.84375
06414000,large,Wiesbaden,31,33.50645,32.23871,3.903225806451613
06439015,medium,Taunusstein,20,32.614998,31.38,3.95
06439003,small,Eltville am Rhein,34,33.623528,32.373528,3.8529411764705883
07339032,rural,Klein-Winternheim,39,33.576923,32.26923,3.9743589743589745
05116000,large,Mönchengladbach,27,33.474075,31.788889,4.0
05162020,medium,Korschenbroich,28,33.45714,31.800001,4.0
05370036,small,Wassenberg,28,33.060715,31.525,4.035714285714286
07131011,rural,Berg,27,32.025925,30.366667,4.0
05513000,large,Gelsenkirchen,26,33.034615,31.615385,4.038461538461538
05562014,medium,Gladbeck,28,32.985714,31.485714,4.107142857142857
05334002,large,Aachen,26,32.81154,31.173077,4.076923076923077
05334036,medium,Würselen,28,32.728573,31.199999,4.0
05358036,small,Linnich,30,33.103333,31.456667,4.066666666666666
07233237,rural,Scheid,10,31.579998,30.079998,4.1
01002000,large,Kiel,11,30.736364,29.518183,4.090909090909091
01058043,medium,Eckernförde,6,30.85,29.583334,3.3333333333333335
01057091,small,Schwentinental,9,30.800001,29.711111,3.5555555555555554
01057028,rural,Höhndorf,3,29.966667,29.1,3.6666666666666665
03101000,large,Braunschweig,22,33.25,31.55909,3.8181818181818183
03158037,medium,Wolfenbüttel,20,33.145,31.404999,4.0
03154013,small,Königslutter am Elm,19,32.95263,31.289474,4.052631578947368
03158009,rural,Dettum,18,33.166668,31.461111,3.9444444444444446
14511000,large,Chemnitz,23,32.108696,30.84348,3.652173913043478
14524180,medium,Limbach-Oberfrohna,24,32.104168,30.720833,3.625
14522140,small,Flöha,20,32.36,31.245,3.3
14522010,rural,Altmittweida,25,32.248,31.016,3.44
15002000,large,Halle (Saale),29,32.886208,31.66207,4.172413793103448
15088220,medium,Merseburg,26,32.707695,31.623077,4.153846153846154
15088025,small,Bad Lauchstädt,28,32.75357,31.560715,4.107142857142857
15088265,rural,Obhausen,26,32.588463,31.419231,4.115384615384615
15003000,large,Magdeburg,31,33.109676,31.725807,4.129032258064516
15089305,medium,Schönebeck,29,32.99655,31.748276,4.068965517241379
15083565,small,Wolmirstedt,24,32.945835,31.541666,4.25
15083361,rural,Loitsche-Heinrichsberg,23,33.073914,31.756523,4.043478260869565
08311000,large,Freiburg im Breisgau,32,33.39375,32.153126,4.21875
08316056,medium,Waldkirch,30,33.14,32.05,3.7333333333333334
08315133,small,Vogtsburg im Kaiserstuhl,40,33.125,32.0325,3.975
08316002,rural,Bahlingen am Kaiserstuhl,35,33.14,32.074284,3.857142857142857
05114000,large,Krefeld,30,33.12,31.493334,3.9
05166028,medium,Tönisvorst,29,33.268967,31.603449,3.9310344827586206
07315000,large,Mainz,34,33.882355,32.47353,4.205882352941177
06433012,medium,Rüsselsheim am Main,37,33.872974,32.5,4.135135135135135
06436006,small,Hochheim am Main,37,33.672974,32.254055,4.108108108108108
07339053,rural,Selzen,36,33.877777,32.544445,3.9722222222222223
01003000,large,Lübeck,17,31.641178,30.2,3.8823529411764706
01055004,medium,Bad Schwartau,17,31.57059,30.2,3.7058823529411766
01062061,small,Reinfeld,15,31.786665,30.359999,3.933333333333333
13074058,rural,Niendorf,18,31.744446,30.344444,3.8333333333333335
16051000,large,Erfurt,26,32.307693,31.21923,3.8076923076923075
16070004,medium,Arnstadt,24,32.495834,31.270834,3.5
16071003,small,Bad Berka,19,32.05263,31.052631,3.789473684210526
16068036,rural,Markvippach,28,32.396427,31.178572,3.857142857142857
05119000,large,Oberhausen,28,33.05714,31.557142,4.035714285714286
13003000,large,Rostock,14,31.164288,30.114286,3.4285714285714284
13072043,medium,Güstrow,18,31.605556,30.522224,3.8333333333333335
13072006,small,Bad Doberan,10,31.14,30.02,3.4
13072017,rural,Börgerende-Rethwisch,11,31.1,30.027271,3.3636363636363638
06611000,large,Kassel,24,32.495834,31.1625,3.9166666666666665
06633003,medium,Baunatal,24,32.075,30.733332,4.041666666666667
06633026,small,Vellmar,25,32.428,30.991999,4.04
06634012,rural,Körle,27,32.107407,30.896297,4.148148148148148
05914000,large,Hagen,24,32.958332,31.4,4.166666666666667
05954020,medium,Herdecke,26,32.53846,31.11154,4.076923076923077
12054000,large,Potsdam,29,32.834484,31.396551,4.103448275862069
12069656,medium,Werder (Havel),29,32.775864,31.355171,4.0344827586206895
12063148,small,Ketzin/Havel,26,32.642307,31.150002,4.038461538461538
12069056,rural,Borkwalde,30,33.31,31.746668,4.3
10041100,large,Saarbrücken,31,33.6,32.235485,3.870967741935484
10045117,medium,St. Ingbert,28,33.935715,32.42143,3.8214285714285716
10041518,small,Sulzbach/Saar,33,33.4303,31.99394,3.909090909090909
07340201,rural,Althornbach,34,33.158825,31.861767,3.911764705882353
05915000,large,Hamm,25,33.116,31.48,4.12
05570004,medium,Ahlen,23,33.16087,31.5,4.217391304347826
05570016,small,Drensteinfurt,27,33.066666,31.503702,4.111111111111111
07314000,large,Ludwigshafen am Rhein,41,34.256096,32.790245,4.048780487804878
07332015,rural,Erpolzheim,37,33.76216,32.445946,3.972972972972973
03403000,large,Oldenburg,15,31.813334,30.493334,4.2
03451007,medium,Westerstede,13,31.430769,30.046154,4.384615384615385
03461004,small,Elsfleth,13,31.392307,30.169231,4.461538461538462
03352054,rural,Uthlede,13,31.284616,30.107693,4.3076923076923075
05117000,large,Mülheim an der Ruhr,27,33.11852,31.562963,4.037037037037037
03404000,large,Osnabrück,25,32.916,31.388,4.16
03459019,medium,Georgsmarienhütte,22,32.877274,31.268183,4.318181818181818
03459004,small,Bad Iburg,23,32.926086,31.252172,4.217391304347826
03459027,rural,Neuenkirchen,24,32.9875,31.3125,4.208333333333333
05316000,large,Leverkusen,30,33.516666,31.866667,4.033333333333333
05158026,medium,Monheim am Rhein,31,33.319355,31.674194,4.0
06411000,large,Darmstadt,36,33.338886,32.036114,4.0
06432023,medium,Weiterstadt,36,33.44722,32.155556,3.888888888888889
06432016,small,Ober-Ramstadt,26,33.15,31.926922,3.8461538461538463
06432007,rural,Fischbachtal,23,33.330433,32.02174,4.043478260869565
08221000,large,Heidelberg,33,33.30606,32.196968,3.727272727272727
08226041,medium,Leimen,31,33.525806,32.49355,3.7096774193548385
08226018,small,Eppelheim,33,33.28788,32.224243,3.6666666666666665
08226086,rural,Spechbach,33,33.042423,31.996971,3.6666666666666665
05122000,large,Solingen,24,32.754166,31.0625,4.041666666666667
05158008,medium,Haan,29,33.020687,31.210344,4.172413793103448
07132062,rural,Kircheib,24,32.554165,30.883333,3.9583333333333335
05916000,large,Herne,29,33.14138,31.589655,4.0344827586206895
05562004,medium,Castrop-Rauxel,27,33.344444,31.62963,4.185185185185185
05774032,large,Paderborn,26,32.757694,31.123077,4.269230769230769
05774036,medium,Salzkotten,25,32.936,31.316002,4.44
05774008,small,Bad Lippspringe,21,32.31905,30.961905,4.0476190476190474
06635007,rural,Diemelsee,15,30.953333,29.873333,4.066666666666666
05162024,large,Neuss,32,33.45625,31.79375,3.9375
05162016,medium,Kaarst,31,33.42258,31.754839,3.967741935483871
09362000,large,Regensburg,34,32.94412,31.738235,3.9705882352941178
09376161,medium,Schwandorf,36,32.844444,31.580557,3.888888888888889
09375174,small,Neutraubling,36,32.644444,31.463888,4.055555555555555
09375153,rural,Holzheim am Forst,32,32.78125,31.49375,3.96875
