city,population,start,end,duration_days,max_temp,avg_temp,year
Berlin,3782202,1982-05-31,1982-06-04,5,32.0,30.4,1982
Berlin,3782202,1992-06-01,1992-06-04,4,28.8,28.6,1992
Berlin,3782202,1992-08-07,1992-08-09,3,37.7,35.6,1992
Berlin,3782202,1994-07-21,1994-07-31,11,36.7,33.2,1994
Berlin,3782202,1997-08-23,1997-08-25,3,31.1,30.4,1997
Berlin,3782202,2000-06-18,2000-06-21,4,34.4,31.9,2000
Berlin,3782202,2003-06-01,2003-06-04,4,30.8,29.5,2003
Berlin,3782202,2006-07-04,2006-07-06,3,32.3,31.3,2006
Berlin,3782202,2006-07-17,2006-07-21,5,35.4,32.2,2006
Berlin,3782202,2006-07-25,2006-07-27,3,34.0,32.3,2006
Berlin,3782202,2008-05-30,2008-06-02,4,29.0,28.7,2008
Berlin,3782202,2010-07-01,2010-07-03,3,31.6,31.2,2010
Berlin,3782202,2010-07-08,2010-07-11,4,36.1,34.8,2010
Berlin,3782202,2014-06-07,2014-06-09,3,31.8,30.6,2014
Berlin,3782202,2015-07-02,2015-07-04,3,35.5,34.5,2015
Berlin,3782202,2015-08-05,2015-08-07,3,36.1,33.9,2015
Berlin,3782202,2016-06-22,2016-06-24,3,32.9,31.3,2016
Berlin,3782202,2016-08-24,2016-08-27,4,34.7,31.7,2016
Berlin,3782202,2016-09-10,2016-09-13,4,31.0,29.9,2016
Berlin,3782202,2017-05-27,2017-05-29,3,30.0,29.0,2017
Berlin,3782202,2018-05-27,2018-05-31,5,31.0,30.3,2018
Berlin,3782202,2018-06-07,2018-06-09,3,30.6,29.5,2018
Berlin,3782202,2018-07-24,2018-07-27,4,32.2,31.5,2018
Berlin,3782202,2018-07-29,2018-08-03,6,35.0,32.6,2018
Berlin,3782202,2018-08-06,2018-08-08,3,36.6,35.3,2018
Berlin,3782202,2018-09-17,2018-09-20,4,30.2,29.0,2018
Berlin,3782202,2019-06-01,2019-06-05,5,33.5,31.3,2019
Berlin,3782202,2019-07-23,2019-07-25,3,34.2,32.6,2019
Berlin,3782202,2019-08-24,2019-08-31,8,32.6,30.8,2019
Berlin,3782202,2020-08-06,2020-08-12,7,35.4,32.7,2020
Berlin,3782202,2020-09-13,2020-09-15,3,30.4,29.2,2020
Berlin,3782202,2021-06-16,2021-06-20,5,34.6,32.9,2021
Berlin,3782202,2023-06-06,2023-06-09,4,29.0,28.8,2023
Berlin,3782202,2023-07-07,2023-07-09,3,32.2,31.4,2023
Berlin,3782202,2023-09-05,2023-09-11,7,30.3,29.6,2023
Berlin,3782202,2024-08-27,2024-08-29,3,34.3,31.0,2024
Berlin,3782202,2024-09-02,2024-09-07,6,33.9,31.6,2024
Berlin,3782202,2025-06-30,2025-07-02,3,37.2,33.6,2025
Berlin,3782202,2025-08-12,2025-08-14,3,33.4,32.8,2025
Hamburg,1910160,1982-06-01,1982-06-04,4,30.7,30.1,1982
Hamburg,1910160,1994-07-11,1994-07-13,3,30.2,29.8,1994
Hamburg,1910160,1994-07-21,1994-07-27,7,33.4,31.4,1994
Hamburg,1910160,1995-08-20,1995-08-22,3,30.3,29.2,1995
Hamburg,1910160,2000-06-18,2000-06-20,3,32.3,31.0,2000
Hamburg,1910160,2003-08-06,2003-08-11,6,33.7,32.2,2003
Hamburg,1910160,2008-05-31,2008-06-02,3,29.3,28.7,2008
Hamburg,1910160,2008-07-26,2008-07-28,3,30.8,30.1,2008
Hamburg,1910160,2010-07-07,2010-07-11,5,34.0,32.4,2010
Hamburg,1910160,2015-07-01,2015-07-04,4,35.2,31.1,2015
Hamburg,1910160,2016-08-23,2016-08-25,3,30.2,29.4,2016
Hamburg,1910160,2016-09-11,2016-09-13,3,29.9,28.9,2016
Hamburg,1910160,2018-05-27,2018-05-31,5,30.9,29.5,2018
Hamburg,1910160,2018-07-23,2018-07-27,5,32.9,32.3,2018
Hamburg,1910160,2018-08-01,2018-08-03,3,32.2,30.5,2018
Hamburg,1910160,2018-08-05,2018-08-08,4,34.7,31.5,2018
Hamburg,1910160,2019-07-23,2019-07-25,3,34.4,32.4,2019
Hamburg,1910160,2019-08-24,2019-08-27,4,31.4,30.7,2019
Hamburg,1910160,2020-08-05,2020-08-16,12,33.2,31.2,2020
Hamburg,1910160,2021-06-16,2021-06-18,3,32.9,31.1,2021
Hamburg,1910160,2022-08-10,2022-08-14,5,31.2,30.3,2022
München,1510378,1983-07-25,1983-07-27,3,33.9,31.9,1983
München,1510378,1992-08-05,1992-08-08,4,33.2,31.3,1992
München,1510378,1992-08-17,1992-08-19,3,31.5,30.3,1992
München,1510378,1994-06-25,1994-06-27,3,29.8,29.0,1994
München,1510378,1994-08-03,1994-08-06,4,31.4,30.1,1994
München,1510378,1998-06-04,1998-06-06,3,30.1,29.0,1998
München,1510378,1999-07-02,1999-07-04,3,30.7,29.6,1999
München,1510378,2002-06-16,2002-06-20,5,30.6,29.6,2002
München,1510378,2003-06-09,2003-06-11,3,32.1,30.2,2003
München,1510378,2003-08-02,2003-08-13,12,34.8,32.0,2003
München,1510378,2006-07-18,2006-07-21,4,31.4,30.4,2006
München,1510378,2006-07-24,2006-07-26,3,31.2,30.8,2006
München,1510378,2010-07-08,2010-07-11,4,30.7,29.9,2010
München,1510378,2011-08-20,2011-08-25,6,31.4,30.0,2011
München,1510378,2012-08-18,2012-08-20,3,32.4,31.3,2012
München,1510378,2013-06-16,2013-06-19,4,32.0,31.0,2013
München,1510378,2013-07-25,2013-07-27,3,34.3,32.7,2013
München,1510378,2013-08-04,2013-08-06,3,30.5,30.0,2013
München,1510378,2014-06-07,2014-06-09,3,30.4,29.9,2014
München,1510378,2015-07-01,2015-07-04,4,32.5,30.3,2015
München,1510378,2015-08-05,2015-08-08,4,33.3,32.3,2015
München,1510378,2015-08-11,2015-08-13,3,32.7,31.5,2015
München,1510378,2015-08-26,2015-08-31,6,31.0,29.9,2015
München,1510378,2017-06-19,2017-06-21,3,30.0,29.1,2017
München,1510378,2018-07-29,2018-07-31,3,31.8,31.2,2018
München,1510378,2018-08-02,2018-08-08,7,32.8,31.2,2018
München,1510378,2019-06-24,2019-06-26,3,32.5,30.9,2019
München,1510378,2019-06-28,2019-06-30,3,32.9,30.5,2019
München,1510378,2019-07-22,2019-07-25,4,33.7,32.2,2019
München,1510378,2021-06-16,2021-06-18,3,30.4,30.0,2021
München,1510378,2022-06-17,2022-06-19,3,33.4,30.8,2022
München,1510378,2022-07-17,2022-07-19,3,35.2,32.1,2022
München,1510378,2022-08-02,2022-08-04,3,33.4,31.8,2022
München,1510378,2023-06-19,2023-06-21,3,32.0,30.3,2023
München,1510378,2023-07-08,2023-07-10,3,33.4,31.4,2023
München,1510378,2023-08-18,2023-08-24,7,31.2,30.5,2023
München,1510378,2025-06-12,2025-06-14,3,32.0,30.5,2025
München,1510378,2025-06-23,2025-06-25,3,32.4,30.7,2025
München,1510378,2025-06-28,2025-07-01,4,34.4,32.2,2025
München,1510378,2025-08-11,2025-08-14,4,33.3,31.6,2025
Köln,1024621,1990-08-01,1990-08-03,3,34.9,33.1,1990
Köln,1024621,1992-08-06,1992-08-08,3,33.8,32.3,1992
Köln,1024621,1994-08-02,1994-08-04,3,33.5,32.0,1994
Köln,1024621,1995-07-08,1995-07-10,3,32.2,31.5,1995
Köln,1024621,1996-06-05,1996-06-07,3,29.9,28.9,1996
Köln,1024621,2001-08-23,2001-08-25,3,32.9,31.0,2001
Köln,1024621,2003-08-03,2003-08-12,10,37.0,33.1,2003
Köln,1024621,2006-07-17,2006-07-21,5,34.3,31.8,2006
Köln,1024621,2006-07-24,2006-07-26,3,33.6,32.1,2006
Köln,1024621,2010-06-30,2010-07-02,3,33.1,31.9,2010
Köln,1024621,2010-07-07,2010-07-11,5,34.1,32.5,2010
Köln,1024621,2012-08-17,2012-08-19,3,34.7,31.8,2012
Köln,1024621,2015-06-30,2015-07-04,5,34.6,32.6,2015
Köln,1024621,2016-08-23,2016-08-27,5,32.3,30.6,2016
Köln,1024621,2016-09-11,2016-09-14,4,31.1,30.0,2016
Köln,1024621,2017-06-18,2017-06-21,4,34.2,30.9,2017
Köln,1024621,2018-07-23,2018-07-26,4,34.6,33.4,2018
Köln,1024621,2018-08-01,2018-08-03,3,34.2,33.1,2018
Köln,1024621,2019-06-22,2019-06-25,4,35.8,31.9,2019
Köln,1024621,2019-07-22,2019-07-25,4,38.8,36.6,2019
Köln,1024621,2019-08-23,2019-08-27,5,32.1,30.5,2019
Köln,1024621,2020-08-05,2020-08-12,8,35.8,33.3,2020
Köln,1024621,2020-09-13,2020-09-15,3,32.6,30.4,2020
Köln,1024621,2021-06-15,2021-06-18,4,34.6,32.2,2021
Köln,1024621,2022-07-17,2022-07-19,3,36.4,33.2,2022
Köln,1024621,2022-08-01,2022-08-03,3,35.0,32.8,2022
Köln,1024621,2022-08-09,2022-08-13,5,32.8,31.7,2022
Köln,1024621,2022-08-22,2022-08-24,3,32.9,31.9,2022
Köln,1024621,2023-06-08,2023-06-11,4,29.0,28.5,2023
Köln,1024621,2023-09-05,2023-09-10,6,30.2,29.3,2023
Köln,1024621,2025-06-29,2025-07-01,3,38.2,35.3,2025
Köln,1024621,2025-08-11,2025-08-14,4,34.6,32.5,2025
Frankfurt am Main,775790,1982-06-01,1982-06-04,4,30.3,29.8,1982
Frankfurt am Main,775790,1982-09-14,1982-09-16,3,29.4,29.1,1982
Frankfurt am Main,775790,1990-08-02,1990-08-04,3,34.1,33.4,1990
Frankfurt am Main,775790,1992-08-06,1992-08-08,3,35.7,34.3,1992
Frankfurt am Main,775790,1999-09-11,1999-09-14,4,29.8,29.5,1999
Frankfurt am Main,775790,2000-06-18,2000-06-20,3,32.1,31.3,2000
Frankfurt am Main,775790,2003-08-01,2003-08-12,12,37.5,35.3,2003
Frankfurt am Main,775790,2003-09-18,2003-09-21,4,30.3,28.8,2003
Frankfurt am Main,775790,2006-07-24,2006-07-26,3,34.7,34.0,2006
Frankfurt am Main,775790,2012-08-18,2012-08-20,3,34.8,33.2,2012
Frankfurt am Main,775790,2014-06-06,2014-06-09,4,33.0,31.4,2014
Frankfurt am Main,775790,2015-06-30,2015-07-04,5,37.3,35.0,2015
Frankfurt am Main,775790,2016-08-24,2016-08-27,4,34.0,32.8,2016
Frankfurt am Main,775790,2016-09-11,2016-09-14,4,31.3,30.5,2016
Frankfurt am Main,775790,2017-05-27,2017-05-29,3,31.5,30.1,2017
Frankfurt am Main,775790,2017-06-18,2017-06-21,4,35.6,33.1,2017
Frankfurt am Main,775790,2018-07-24,2018-07-26,3,34.4,33.6,2018
Frankfurt am Main,775790,2018-07-29,2018-08-03,6,35.4,34.2,2018
Frankfurt am Main,775790,2018-09-17,2018-09-19,3,30.9,29.7,2018
Frankfurt am Main,775790,2019-05-31,2019-06-04,5,31.7,30.8,2019
Frankfurt am Main,775790,2019-06-23,2019-06-26,4,37.4,33.9,2019
Frankfurt am Main,775790,2019-07-22,2019-07-25,4,38.8,37.0,2019
Frankfurt am Main,775790,2019-08-24,2019-08-28,5,32.4,31.7,2019
Frankfurt am Main,775790,2020-08-06,2020-08-11,6,36.2,34.9,2020
Frankfurt am Main,775790,2020-09-13,2020-09-15,3,30.5,30.2,2020
Frankfurt am Main,775790,2021-06-14,2021-06-18,5,34.6,33.1,2021
Frankfurt am Main,775790,2022-06-16,2022-06-18,3,35.3,33.4,2022
Frankfurt am Main,775790,2022-07-17,2022-07-19,3,36.6,35.2,2022
Frankfurt am Main,775790,2022-08-23,2022-08-25,3,32.1,31.6,2022
Frankfurt am Main,775790,2023-06-08,2023-06-10,3,29.4,29.0,2023
Frankfurt am Main,775790,2023-09-09,2023-09-11,3,29.2,28.9,2023
Frankfurt am Main,775790,2025-06-27,2025-07-01,5,38.2,34.3,2025
Frankfurt am Main,775790,2025-08-11,2025-08-14,4,35.8,34.2,2025
Stuttgart,633484,1983-07-25,1983-07-27,3,35.4,34.1,1983
Stuttgart,633484,1992-08-06,1992-08-08,3,33.8,33.0,1992
Stuttgart,633484,2000-06-18,2000-06-20,3,31.6,30.8,2000
Stuttgart,633484,2003-06-09,2003-06-11,3,33.0,30.7,2003
Stuttgart,633484,2003-08-02,2003-08-12,11,36.2,35.0,2003
Stuttgart,633484,2005-05-26,2005-05-28,3,29.4,29.1,2005
Stuttgart,633484,2006-07-18,2006-07-21,4,33.1,32.6,2006
Stuttgart,633484,2006-07-24,2006-07-26,3,33.3,33.0,2006
Stuttgart,633484,2011-08-20,2011-08-22,3,32.0,31.4,2011
Stuttgart,633484,2012-08-17,2012-08-20,4,34.6,32.9,2012
Stuttgart,633484,2013-06-16,2013-06-19,4,33.0,31.8,2013
Stuttgart,633484,2013-07-25,2013-07-27,3,34.5,33.4,2013
Stuttgart,633484,2014-06-06,2014-06-10,5,34.0,31.4,2014
Stuttgart,633484,2015-06-30,2015-07-04,5,35.6,33.5,2015
Stuttgart,633484,2015-08-05,2015-08-08,4,35.9,34.0,2015
Stuttgart,633484,2015-08-28,2015-08-30,3,31.9,31.3,2015
Stuttgart,633484,2016-08-24,2016-08-27,4,32.5,31.7,2016
Stuttgart,633484,2016-09-11,2016-09-13,3,30.1,29.7,2016
Stuttgart,633484,2017-06-19,2017-06-21,3,32.9,30.9,2017
Stuttgart,633484,2018-07-29,2018-07-31,3,33.3,32.2,2018
Stuttgart,633484,2019-06-01,2019-06-04,4,29.5,29.0,2019
Stuttgart,633484,2019-06-24,2019-06-26,3,33.2,31.9,2019
Stuttgart,633484,2019-07-22,2019-07-25,4,36.2,34.7,2019
Stuttgart,633484,2020-08-07,2020-08-11,5,32.8,32.3,2020
Stuttgart,633484,2021-06-15,2021-06-18,4,32.2,31.1,2021
Stuttgart,633484,2023-08-17,2023-08-21,5,33.3,31.7,2023
Stuttgart,633484,2023-09-08,2023-09-11,4,29.4,29.0,2023
Stuttgart,633484,2024-08-27,2024-08-31,5,31.7,30.7,2024
Stuttgart,633484,2025-06-27,2025-07-01,5,36.0,33.4,2025
Stuttgart,633484,2025-08-11,2025-08-14,4,33.3,32.4,2025
Düsseldorf,631217,1982-06-01,1982-06-03,3,28.3,28.3,1982
Düsseldorf,631217,1990-08-01,1990-08-03,3,34.6,33.0,1990
Düsseldorf,631217,1991-09-01,1991-09-03,3,28.8,28.5,1991
Düsseldorf,631217,1992-08-06,1992-08-08,3,33.4,31.8,1992
Düsseldorf,631217,1994-08-02,1994-08-04,3,34.0,32.0,1994
Düsseldorf,631217,1995-07-08,1995-07-10,3,32.3,31.8,1995
Düsseldorf,631217,1996-06-05,1996-06-07,3,30.2,29.2,1996
Düsseldorf,631217,2001-08-23,2001-08-25,3,33.4,31.4,2001
Düsseldorf,631217,2003-08-04,2003-08-11,8,36.4,33.2,2003
Düsseldorf,631217,2006-07-17,2006-07-21,5,34.6,32.0,2006
Düsseldorf,631217,2006-07-24,2006-07-26,3,33.6,32.1,2006
Düsseldorf,631217,2010-07-07,2010-07-11,5,34.1,32.7,2010
Düsseldorf,631217,2012-08-17,2012-08-19,3,35.0,31.8,2012
Düsseldorf,631217,2015-06-30,2015-07-03,4,34.9,33.0,2015
Düsseldorf,631217,2016-08-23,2016-08-27,5,32.3,30.5,2016
Düsseldorf,631217,2016-09-11,2016-09-14,4,31.6,30.5,2016
Düsseldorf,631217,2017-06-18,2017-06-21,4,33.9,31.1,2017
Düsseldorf,631217,2018-07-23,2018-07-26,4,34.8,33.6,2018
Düsseldorf,631217,2018-08-01,2018-08-03,3,34.1,32.9,2018
Düsseldorf,631217,2019-06-23,2019-06-25,3,35.4,32.3,2019
Düsseldorf,631217,2019-07-22,2019-07-25,4,39.1,36.7,2019
Düsseldorf,631217,2019-08-23,2019-08-27,5,32.4,30.8,2019
Düsseldorf,631217,2020-08-05,2020-08-12,8,36.1,33.4,2020
Düsseldorf,631217,2021-06-15,2021-06-17,3,32.7,31.4,2021
Düsseldorf,631217,2022-08-09,2022-08-13,5,32.6,32.0,2022
Düsseldorf,631217,2022-08-22,2022-08-24,3,33.2,31.8,2022
Düsseldorf,631217,2023-06-08,2023-06-11,4,29.3,28.9,2023
Düsseldorf,631217,2023-09-05,2023-09-10,6,29.8,29.0,2023
Düsseldorf,631217,2025-06-29,2025-07-01,3,37.6,35.0,2025
Düsseldorf,631217,2025-08-11,2025-08-13,3,34.5,33.6,2025
Leipzig,611850,1982-05-31,1982-06-05,6,31.9,29.8,1982
Leipzig,611850,1994-07-27,1994-07-31,5,34.9,33.5,1994
Leipzig,611850,2000-06-18,2000-06-20,3,32.5,31.5,2000
Leipzig,611850,2003-06-02,2003-06-04,3,30.7,30.0,2003
Leipzig,611850,2010-07-08,2010-07-11,4,35.3,33.8,2010
Leipzig,611850,2014-06-07,2014-06-09,3,31.6,31.2,2014
Leipzig,611850,2015-07-02,2015-07-04,3,35.1,34.2,2015
Leipzig,611850,2015-08-05,2015-08-07,3,35.7,33.6,2015
Leipzig,611850,2016-08-24,2016-08-27,4,32.8,31.3,2016
Leipzig,611850,2016-09-11,2016-09-13,3,30.8,30.3,2016
Leipzig,611850,2017-05-27,2017-05-29,3,30.8,30.1,2017
Leipzig,611850,2018-07-23,2018-07-27,5,32.8,31.9,2018
Leipzig,611850,2018-07-29,2018-07-31,3,35.0,33.3,2018
Leipzig,611850,2018-08-06,2018-08-08,3,36.2,35.4,2018
Leipzig,611850,2018-09-17,2018-09-20,4,30.4,30.2,2018
Leipzig,611850,2019-06-01,2019-06-04,4,32.2,30.8,2019
Leipzig,611850,2019-07-22,2019-07-25,4,36.0,33.6,2019
Leipzig,611850,2019-08-24,2019-08-30,7,31.8,31.0,2019
Leipzig,611850,2020-08-06,2020-08-08,3,35.6,34.3,2020
Leipzig,611850,2020-08-10,2020-08-12,3,32.9,32.1,2020
Leipzig,611850,2020-09-13,2020-09-15,3,30.3,29.8,2020
Leipzig,611850,2021-06-16,2021-06-19,4,32.2,31.7,2021
Leipzig,611850,2023-09-07,2023-09-11,5,29.0,28.7,2023
Leipzig,611850,2024-08-27,2024-08-29,3,33.6,31.1,2024
Leipzig,611850,2024-09-01,2024-09-07,7,34.0,31.0,2024
Leipzig,611850,2025-08-12,2025-08-14,3,33.8,33.1,2025
Dortmund,595471,1982-06-01,1982-06-03,3,29.2,28.9,1982
Dortmund,595471,1990-08-01,1990-08-03,3,34.0,31.9,1990
Dortmund,595471,1994-07-01,1994-07-03,3,31.3,30.1,1994
Dortmund,595471,1994-07-22,1994-07-24,3,31.5,30.8,1994
Dortmund,595471,1994-08-02,1994-08-04,3,33.4,31.7,1994
Dortmund,595471,1995-07-08,1995-07-10,3,31.5,30.6,1995
Dortmund,595471,1998-08-09,1998-08-11,3,30.1,29.8,1998
Dortmund,595471,2003-08-04,2003-08-11,8,35.2,32.3,2003
Dortmund,595471,2006-07-17,2006-07-21,5,33.8,32.1,2006
Dortmund,595471,2006-07-24,2006-07-26,3,32.9,31.6,2006
Dortmund,595471,2010-07-07,2010-07-11,5,33.7,32.2,2010
Dortmund,595471,2012-08-17,2012-08-19,3,33.4,30.6,2012
Dortmund,595471,2015-06-30,2015-07-04,5,34.5,32.2,2015
Dortmund,595471,2016-08-23,2016-08-27,5,31.6,30.3,2016
Dortmund,595471,2016-09-11,2016-09-14,4,30.5,29.5,2016
Dortmund,595471,2018-07-23,2018-07-26,4,34.4,33.4,2018
Dortmund,595471,2018-08-01,2018-08-03,3,33.6,32.8,2018
Dortmund,595471,2019-06-23,2019-06-25,3,33.9,32.1,2019
Dortmund,595471,2019-07-22,2019-07-26,5,38.1,34.6,2019
Dortmund,595471,2019-08-23,2019-08-27,5,32.0,30.6,2019
Dortmund,595471,2020-08-05,2020-08-12,8,34.2,32.0,2020
Dortmund,595471,2021-06-15,2021-06-17,3,32.4,31.0,2021
Dortmund,595471,2022-07-17,2022-07-19,3,36.0,32.6,2022
Dortmund,595471,2022-08-10,2022-08-13,4,31.1,30.4,2022
Dortmund,595471,2022-08-22,2022-08-24,3,31.8,31.4,2022
Dortmund,595471,2023-09-04,2023-09-10,7,29.8,29.0,2023
Dortmund,595471,2025-06-29,2025-07-01,3,37.9,34.4,2025
Dortmund,595471,2025-08-11,2025-08-13,3,34.8,33.6,2025
Essen,586608,1982-06-01,1982-06-03,3,28.8,28.7,1982
Essen,586608,1990-08-01,1990-08-03,3,34.1,32.4,1990
Essen,586608,1991-09-01,1991-09-03,3,28.5,28.3,1991
Essen,586608,1994-07-22,1994-07-24,3,32.6,31.4,1994
Essen,586608,1995-07-08,1995-07-10,3,32.0,31.2,1995
Essen,586608,1998-08-09,1998-08-11,3,30.3,29.9,1998
Essen,586608,2003-08-04,2003-08-08,5,34.7,32.7,2003
Essen,586608,2006-07-17,2006-07-21,5,34.2,31.9,2006
Essen,586608,2006-07-24,2006-07-26,3,33.3,32.0,2006
Essen,586608,2010-07-07,2010-07-11,5,33.8,32.2,2010
Essen,586608,2015-06-30,2015-07-03,4,34.6,32.6,2015
Essen,586608,2016-08-23,2016-08-27,5,31.5,30.3,2016
Essen,586608,2016-09-11,2016-09-14,4,31.3,30.2,2016
Essen,586608,2018-07-23,2018-07-26,4,34.4,33.4,2018
Essen,586608,2018-08-01,2018-08-03,3,33.8,32.8,2018
Essen,586608,2019-06-23,2019-06-25,3,34.8,32.0,2019
Essen,586608,2019-07-22,2019-07-26,5,38.6,35.1,2019
Essen,586608,2019-08-23,2019-08-27,5,32.3,30.4,2019
Essen,586608,2020-08-05,2020-08-12,8,33.6,31.5,2020
Essen,586608,2021-06-15,2021-06-17,3,32.2,30.8,2021
Essen,586608,2022-08-10,2022-08-13,4,30.9,30.6,2022
Essen,586608,2022-08-22,2022-08-24,3,32.6,31.3,2022
Essen,586608,2023-09-04,2023-09-10,7,29.4,28.8,2023
Essen,586608,2025-06-29,2025-07-01,3,37.2,34.5,2025
Essen,586608,2025-08-11,2025-08-13,3,34.6,33.8,2025
Bremen,577026,1982-06-01,1982-06-04,4,30.7,29.8,1982
Bremen,577026,1994-07-21,1994-07-24,4,31.9,30.4,1994
Bremen,577026,1997-08-10,1997-08-12,3,29.9,29.2,1997
Bremen,577026,2000-06-18,2000-06-20,3,32.1,30.7,2000
Bremen,577026,2002-07-28,2002-07-30,3,30.1,29.4,2002
Bremen,577026,2003-08-06,2003-08-11,6,33.7,31.8,2003
Bremen,577026,2008-07-25,2008-07-28,4,30.2,29.8,2008
Bremen,577026,2010-07-07,2010-07-11,5,32.9,31.2,2010
Bremen,577026,2016-08-23,2016-08-25,3,30.0,29.4,2016
Bremen,577026,2018-07-23,2018-07-27,5,32.8,31.8,2018
Bremen,577026,2019-07-22,2019-07-26,5,36.0,32.3,2019
Bremen,577026,2019-08-23,2019-08-27,5,31.4,30.3,2019
Bremen,577026,2020-08-05,2020-08-12,8,32.2,30.9,2020
Bremen,577026,2022-07-17,2022-07-19,3,35.8,32.7,2022
Bremen,577026,2022-08-10,2022-08-16,7,30.5,29.6,2022
Bremen,577026,2022-08-22,2022-08-25,4,30.4,28.8,2022
Bremen,577026,2025-08-11,2025-08-13,3,32.3,31.3,2025
Dresden,564904,1982-06-01,1982-06-04,4,30.8,29.7,1982
Dresden,564904,1992-08-07,1992-08-09,3,34.2,32.9,1992
Dresden,564904,1994-06-25,1994-06-28,4,32.4,30.8,1994
Dresden,564904,1994-07-23,1994-07-25,3,32.9,32.2,1994
Dresden,564904,1994-07-27,1994-07-31,5,35.6,34.2,1994
Dresden,564904,2000-06-19,2000-06-21,3,33.2,32.1,2000
Dresden,564904,2006-07-18,2006-07-21,4,35.2,33.0,2006
Dresden,564904,2006-07-25,2006-07-27,3,33.8,32.4,2006
Dresden,564904,2010-07-08,2010-07-11,4,34.7,33.2,2010
Dresden,564904,2013-06-17,2013-06-19,3,32.0,31.3,2013
Dresden,564904,2014-06-06,2014-06-10,5,31.8,30.6,2014
Dresden,564904,2015-07-02,2015-07-04,3,35.0,33.9,2015
Dresden,564904,2015-08-05,2015-08-07,3,35.7,34.6,2015
Dresden,564904,2015-08-29,2015-08-31,3,32.8,31.1,2015
Dresden,564904,2016-06-22,2016-06-24,3,31.4,30.3,2016
Dresden,564904,2017-05-27,2017-05-29,3,29.2,28.6,2017
Dresden,564904,2018-07-29,2018-08-03,6,34.4,33.1,2018
Dresden,564904,2018-08-06,2018-08-08,3,34.8,34.5,2018
Dresden,564904,2018-09-17,2018-09-20,4,30.0,29.5,2018
Dresden,564904,2019-06-02,2019-06-04,3,29.4,29.0,2019
Dresden,564904,2019-08-27,2019-08-31,5,31.6,31.0,2019
Dresden,564904,2020-08-06,2020-08-08,3,34.6,33.2,2020
Dresden,564904,2020-08-10,2020-08-12,3,32.2,31.2,2020
Dresden,564904,2020-09-13,2020-09-15,3,29.4,28.8,2020
Dresden,564904,2021-06-16,2021-06-20,5,32.8,31.6,2021
Dresden,564904,2022-08-02,2022-08-04,3,35.4,34.0,2022
Dresden,564904,2023-07-07,2023-07-10,4,32.4,31.2,2023
Dresden,564904,2023-09-09,2023-09-11,3,28.6,28.6,2023
Dresden,564904,2024-08-27,2024-08-29,3,31.9,30.3,2024
Dresden,564904,2024-09-01,2024-09-07,7,32.4,30.4,2024
Dresden,564904,2025-08-12,2025-08-14,3,32.7,32.0,2025
Hannover,548186,1982-06-01,1982-06-04,4,30.5,29.9,1982
Hannover,548186,1994-07-22,1994-07-27,6,32.5,31.2,1994
Hannover,548186,2000-06-18,2000-06-20,3,32.4,31.2,2000
Hannover,548186,2003-08-01,2003-08-04,4,30.5,30.3,2003
Hannover,548186,2003-08-06,2003-08-11,6,35.4,33.3,2003
Hannover,548186,2006-07-17,2006-07-21,5,34.2,31.9,2006
Hannover,548186,2010-07-07,2010-07-11,5,34.4,32.8,2010
Hannover,548186,2014-06-07,2014-06-09,3,29.3,28.9,2014
Hannover,548186,2015-07-01,2015-07-04,4,36.2,32.7,2015
Hannover,548186,2016-08-23,2016-08-27,5,33.0,31.1,2016
Hannover,548186,2016-09-11,2016-09-13,3,30.8,30.0,2016
Hannover,548186,2018-07-23,2018-07-27,5,33.7,32.3,2018
Hannover,548186,2018-08-01,2018-08-03,3,32.2,30.9,2018
Hannover,548186,2018-08-05,2018-08-08,4,35.2,31.9,2018
Hannover,548186,2019-07-22,2019-07-25,4,36.8,33.7,2019
Hannover,548186,2019-08-24,2019-08-27,4,32.1,31.5,2019
Hannover,548186,2020-08-05,2020-08-12,8,33.8,31.4,2020
Hannover,548186,2021-06-16,2021-06-18,3,32.4,31.2,2021
Hannover,548186,2022-07-17,2022-07-19,3,38.7,35.5,2022
Hannover,548186,2022-08-10,2022-08-16,7,31.2,30.4,2022
Hannover,548186,2022-08-23,2022-08-25,3,30.9,30.2,2022
Hannover,548186,2025-08-11,2025-08-13,3,34.5,32.4,2025
Nürnberg,529508,1982-05-31,1982-06-04,5,30.2,29.5,1982
Nürnberg,529508,1983-07-25,1983-07-27,3,36.4,34.5,1983
Nürnberg,529508,1992-08-06,1992-08-08,3,35.0,34.0,1992
Nürnberg,529508,1994-06-24,1994-06-27,4,32.9,31.7,1994
Nürnberg,529508,1994-07-27,1994-07-30,4,32.5,32.1,1994
Nürnberg,529508,2000-06-18,2000-06-20,3,31.4,30.7,2000
Nürnberg,529508,2001-08-24,2001-08-26,3,30.6,30.0,2001
Nürnberg,529508,2002-06-17,2002-06-19,3,31.9,30.3,2002
Nürnberg,529508,2003-08-02,2003-08-12,11,35.9,34.0,2003
Nürnberg,529508,2006-07-18,2006-07-21,4,34.3,32.8,2006
Nürnberg,529508,2006-07-24,2006-07-26,3,33.0,32.7,2006
Nürnberg,529508,2008-05-27,2008-05-29,3,29.9,29.5,2008
Nürnberg,529508,2010-07-08,2010-07-11,4,33.4,32.6,2010
Nürnberg,529508,2011-08-21,2011-08-23,3,30.5,30.1,2011
Nürnberg,529508,2012-08-18,2012-08-20,3,34.9,33.6,2012
Nürnberg,529508,2013-06-16,2013-06-19,4,32.9,31.9,2013
Nürnberg,529508,2014-06-06,2014-06-09,4,32.9,31.0,2014
Nürnberg,529508,2015-07-01,2015-07-04,4,35.3,33.5,2015
Nürnberg,529508,2015-08-05,2015-08-13,9,36.1,33.3,2015
Nürnberg,529508,2015-08-28,2015-08-31,4,32.4,30.5,2015
Nürnberg,529508,2016-08-24,2016-08-27,4,31.9,31.1,2016
Nürnberg,529508,2016-09-11,2016-09-14,4,29.7,29.1,2016
Nürnberg,529508,2017-06-18,2017-06-21,4,33.0,30.7,2017
Nürnberg,529508,2018-07-29,2018-08-03,6,34.7,32.7,2018
Nürnberg,529508,2018-08-05,2018-08-08,4,33.5,32.2,2018
Nürnberg,529508,2019-06-02,2019-06-04,3,30.2,29.5,2019
Nürnberg,529508,2019-06-23,2019-06-26,4,35.6,32.3,2019
Nürnberg,529508,2019-06-28,2019-06-30,3,35.2,33.1,2019
Nürnberg,529508,2019-07-23,2019-07-25,3,35.6,34.8,2019
Nürnberg,529508,2020-08-07,2020-08-09,3,32.1,31.9,2020
Nürnberg,529508,2021-06-15,2021-06-18,4,33.0,31.8,2021
Nürnberg,529508,2022-08-02,2022-08-04,3,35.4,33.9,2022
Nürnberg,529508,2023-08-18,2023-08-21,4,32.0,31.0,2023
Nürnberg,529508,2024-08-28,2024-08-31,4,31.5,30.4,2024
Nürnberg,529508,2025-06-12,2025-06-14,3,33.2,31.4,2025
Nürnberg,529508,2025-06-20,2025-06-22,3,33.2,30.6,2025
Nürnberg,529508,2025-06-28,2025-07-01,4,35.4,33.7,2025
Nürnberg,529508,2025-08-12,2025-08-14,3,34.7,33.9,2025
Duisburg,500810,1982-06-01,1982-06-03,3,28.6,28.5,1982
Duisburg,500810,1990-08-01,1990-08-03,3,33.9,32.3,1990
Duisburg,500810,1991-09-01,1991-09-03,3,28.6,28.3,1991
Duisburg,500810,1994-07-22,1994-07-24,3,32.4,31.2,1994
Duisburg,500810,1994-08-02,1994-08-04,3,33.7,31.6,1994
Duisburg,500810,1995-07-08,1995-07-10,3,32.1,31.5,1995
Duisburg,500810,1996-06-05,1996-06-07,3,30.1,29.1,1996
Duisburg,500810,2003-08-04,2003-08-08,5,34.7,32.6,2003
Duisburg,500810,2006-07-17,2006-07-21,5,34.2,31.7,2006
Duisburg,500810,2006-07-24,2006-07-26,3,33.2,31.9,2006
Duisburg,500810,2010-07-07,2010-07-11,5,33.6,32.2,2010
Duisburg,500810,2015-06-30,2015-07-03,4,34.6,32.7,2015
Duisburg,500810,2016-08-23,2016-08-27,5,31.7,30.2,2016
Duisburg,500810,2016-09-11,2016-09-14,4,31.3,30.2,2016
Duisburg,500810,2017-06-18,2017-06-21,4,33.4,30.8,2017
Duisburg,500810,2018-07-23,2018-07-26,4,34.8,33.7,2018
Duisburg,500810,2018-08-01,2018-08-03,3,33.8,32.6,2018
Duisburg,500810,2019-06-22,2019-06-25,4,35.1,31.6,2019
Duisburg,500810,2019-07-22,2019-07-26,5,39.6,35.8,2019
Duisburg,500810,2019-08-23,2019-08-27,5,32.5,31.0,2019
Duisburg,500810,2020-08-05,2020-08-12,8,34.6,32.3,2020
Duisburg,500810,2021-06-15,2021-06-17,3,32.4,30.7,2021
Duisburg,500810,2022-08-10,2022-08-13,4,31.1,30.9,2022
Duisburg,500810,2022-08-22,2022-08-24,3,33.0,31.5,2022
Duisburg,500810,2023-06-08,2023-06-11,4,29.4,28.6,2023
Duisburg,500810,2023-09-04,2023-09-10,7,30.0,29.0,2023
Duisburg,500810,2025-06-29,2025-07-01,3,37.4,35.0,2025
Duisburg,500810,2025-08-11,2025-08-13,3,34.6,33.8,2025
Bochum,366385,1982-06-01,1982-06-04,4,29.1,28.7,1982
Bochum,366385,1990-08-01,1990-08-03,3,34.2,32.4,1990
Bochum,366385,1991-09-01,1991-09-03,3,28.3,28.2,1991
Bochum,366385,1994-07-22,1994-07-24,3,32.3,31.3,1994
Bochum,366385,1994-08-02,1994-08-04,3,33.8,31.9,1994
Bochum,366385,1995-07-08,1995-07-10,3,31.9,31.1,1995
Bochum,366385,2003-08-04,2003-08-08,5,34.5,32.7,2003
Bochum,366385,2006-07-17,2006-07-21,5,34.1,32.1,2006
Bochum,366385,2006-07-24,2006-07-26,3,33.3,32.0,2006
Bochum,366385,2010-07-07,2010-07-11,5,33.9,32.4,2010
Bochum,366385,2015-06-30,2015-07-04,5,34.5,32.1,2015
Bochum,366385,2016-08-23,2016-08-27,5,31.4,30.5,2016
Bochum,366385,2016-09-11,2016-09-14,4,31.1,30.1,2016
Bochum,366385,2018-07-23,2018-07-26,4,35.0,33.8,2018
Bochum,366385,2018-08-01,2018-08-03,3,33.8,33.1,2018
Bochum,366385,2019-06-22,2019-06-25,4,35.0,31.7,2019
Bochum,366385,2019-07-22,2019-07-26,5,38.5,35.0,2019
Bochum,366385,2019-08-23,2019-08-27,5,32.4,30.8,2019
Bochum,366385,2020-08-05,2020-08-12,8,33.8,31.6,2020
Bochum,366385,2021-06-15,2021-06-18,4,32.8,30.6,2021
Bochum,366385,2022-08-10,2022-08-13,4,31.6,30.9,2022
Bochum,366385,2022-08-22,2022-08-24,3,32.2,31.3,2022
Bochum,366385,2023-09-04,2023-09-10,7,29.4,29.0,2023
Bochum,366385,2025-06-29,2025-07-01,3,37.6,34.6,2025
Bochum,366385,2025-08-11,2025-08-14,4,35.1,33.2,2025
Wuppertal,358938,1990-08-01,1990-08-03,3,33.3,31.7,1990
Wuppertal,358938,1992-08-06,1992-08-08,3,32.2,31.0,1992
Wuppertal,358938,1994-07-22,1994-07-24,3,31.2,30.3,1994
Wuppertal,358938,1994-08-02,1994-08-04,3,32.8,31.1,1994
Wuppertal,358938,1995-07-08,1995-07-10,3,31.1,30.6,1995
Wuppertal,358938,2003-08-04,2003-08-08,5,33.4,31.8,2003
Wuppertal,358938,2006-07-17,2006-07-21,5,33.0,31.1,2006
Wuppertal,358938,2006-07-24,2006-07-26,3,32.6,31.1,2006
Wuppertal,358938,2010-07-07,2010-07-11,5,33.2,32.1,2010
Wuppertal,358938,2012-08-17,2012-08-19,3,33.2,30.3,2012
Wuppertal,358938,2015-06-30,2015-07-04,5,33.7,31.7,2015
Wuppertal,358938,2016-08-23,2016-08-27,5,31.2,29.6,2016
Wuppertal,358938,2016-09-11,2016-09-13,3,29.8,29.2,2016
Wuppertal,358938,2018-07-23,2018-07-26,4,33.0,31.8,2018
Wuppertal,358938,2018-08-01,2018-08-03,3,33.2,32.0,2018
Wuppertal,358938,2019-06-23,2019-06-25,3,34.2,31.3,2019
Wuppertal,358938,2019-07-22,2019-07-25,4,37.2,34.7,2019
Wuppertal,358938,2019-08-24,2019-08-27,4,30.4,29.3,2019
Wuppertal,358938,2020-08-06,2020-08-12,7,33.2,31.2,2020
Wuppertal,358938,2021-06-15,2021-06-17,3,31.2,29.5,2021
Wuppertal,358938,2022-08-10,2022-08-13,4,30.8,30.2,2022
Wuppertal,358938,2022-08-22,2022-08-24,3,31.2,30.3,2022
Wuppertal,358938,2025-06-29,2025-07-01,3,35.5,33.4,2025
Wuppertal,358938,2025-08-11,2025-08-13,3,32.4,31.6,2025
Bielefeld,338410,1982-06-01,1982-06-04,4,30.7,29.9,1982
Bielefeld,338410,1994-07-22,1994-07-24,3,32.1,31.3,1994
Bielefeld,338410,1994-07-29,1994-07-31,3,31.5,30.8,1994
Bielefeld,338410,1999-09-11,1999-09-14,4,28.7,28.6,1999
Bielefeld,338410,2000-06-18,2000-06-20,3,32.4,31.1,2000
Bielefeld,338410,2003-08-01,2003-08-11,11,35.7,32.9,2003
Bielefeld,338410,2006-07-17,2006-07-21,5,33.3,31.8,2006
Bielefeld,338410,2010-07-07,2010-07-11,5,33.8,32.6,2010
Bielefeld,338410,2012-08-17,2012-08-19,3,33.8,31.3,2012
Bielefeld,338410,2015-06-30,2015-07-04,5,35.5,32.3,2015
Bielefeld,338410,2016-08-23,2016-08-27,5,32.4,31.1,2016
Bielefeld,338410,2016-09-11,2016-09-13,3,30.8,30.0,2016
Bielefeld,338410,2018-07-23,2018-07-27,5,33.0,31.9,2018
Bielefeld,338410,2018-08-01,2018-08-03,3,33.2,31.5,2018
Bielefeld,338410,2019-06-23,2019-06-25,3,33.0,31.2,2019
Bielefeld,338410,2019-07-22,2019-07-26,5,37.1,33.0,2019
Bielefeld,338410,2019-08-24,2019-08-27,4,32.0,30.8,2019
Bielefeld,338410,2020-08-05,2020-08-12,8,34.2,31.5,2020
Bielefeld,338410,2021-06-16,2021-06-18,3,32.8,31.8,2021
Bielefeld,338410,2022-07-17,2022-07-19,3,36.6,34.1,2022
Bielefeld,338410,2022-08-11,2022-08-13,3,30.8,30.4,2022
Bielefeld,338410,2022-08-22,2022-08-25,4,31.2,30.0,2022
Bielefeld,338410,2023-09-05,2023-09-08,4,28.9,28.5,2023
Bielefeld,338410,2025-08-11,2025-08-13,3,33.9,32.9,2025
Bonn,335789,1990-08-01,1990-08-03,3,35.1,33.2,1990
Bonn,335789,1992-08-06,1992-08-08,3,34.0,32.5,1992
Bonn,335789,1994-08-02,1994-08-04,3,33.4,31.9,1994
Bonn,335789,1995-07-08,1995-07-10,3,32.3,31.7,1995
Bonn,335789,1996-06-05,1996-06-07,3,30.1,29.2,1996
Bonn,335789,1998-08-09,1998-08-11,3,32.0,30.7,1998
Bonn,335789,2003-08-03,2003-08-12,10,37.0,33.2,2003
Bonn,335789,2006-07-17,2006-07-21,5,34.4,32.0,2006
Bonn,335789,2006-07-24,2006-07-26,3,33.6,32.1,2006
Bonn,335789,2010-06-30,2010-07-02,3,33.0,31.8,2010
Bonn,335789,2010-07-07,2010-07-11,5,34.0,32.4,2010
Bonn,335789,2012-08-17,2012-08-19,3,34.8,32.0,2012
Bonn,335789,2015-06-30,2015-07-04,5,35.0,33.2,2015
Bonn,335789,2016-08-23,2016-08-27,5,32.4,30.7,2016
Bonn,335789,2016-09-11,2016-09-14,4,30.9,29.8,2016
Bonn,335789,2017-06-19,2017-06-21,3,34.4,31.7,2017
Bonn,335789,2018-07-23,2018-07-26,4,34.2,33.2,2018
Bonn,335789,2018-08-01,2018-08-03,3,34.0,33.0,2018
Bonn,335789,2019-06-23,2019-06-25,3,34.8,32.3,2019
Bonn,335789,2019-07-22,2019-07-25,4,38.6,36.5,2019
Bonn,335789,2019-08-24,2019-08-27,4,32.2,30.6,2019
Bonn,335789,2020-08-05,2020-08-12,8,35.2,33.3,2020
Bonn,335789,2020-09-13,2020-09-15,3,33.1,31.1,2020
Bonn,335789,2021-06-15,2021-06-18,4,34.3,32.4,2021
Bonn,335789,2022-07-17,2022-07-19,3,36.8,33.6,2022
Bonn,335789,2022-08-01,2022-08-03,3,35.3,33.4,2022
Bonn,335789,2022-08-08,2022-08-13,6,32.3,30.9,2022
Bonn,335789,2022-08-22,2022-08-24,3,33.0,31.9,2022
Bonn,335789,2023-06-09,2023-06-11,3,28.9,28.5,2023
Bonn,335789,2023-09-06,2023-09-10,5,31.4,29.9,2023
Bonn,335789,2025-06-28,2025-07-01,4,38.6,34.2,2025
Bonn,335789,2025-08-11,2025-08-13,3,34.3,32.8,2025
Mannheim,316877,1982-06-01,1982-06-04,4,31.7,30.6,1982
Mannheim,316877,1994-07-01,1994-07-03,3,32.4,31.1,1994
Mannheim,316877,1994-07-22,1994-07-24,3,32.8,32.0,1994
Mannheim,316877,1994-08-02,1994-08-04,3,34.1,32.3,1994
Mannheim,316877,1996-06-05,1996-06-07,3,30.2,29.2,1996
Mannheim,316877,1999-09-10,1999-09-12,3,29.1,28.7,1999
Mannheim,316877,2003-08-03,2003-08-11,9,35.6,33.1,2003
Mannheim,316877,2006-07-17,2006-07-21,5,34.3,32.4,2006
Mannheim,316877,2006-07-24,2006-07-26,3,32.7,31.6,2006
Mannheim,316877,2010-07-07,2010-07-11,5,33.8,32.4,2010
Mannheim,316877,2012-08-17,2012-08-19,3,34.3,31.4,2012
Mannheim,316877,2015-06-30,2015-07-03,4,34.9,32.7,2015
Mannheim,316877,2016-08-23,2016-08-27,5,31.4,30.5,2016
Mannheim,316877,2016-09-11,2016-09-14,4,31.0,29.9,2016
Mannheim,316877,2018-07-23,2018-07-26,4,34.6,33.7,2018
Mannheim,316877,2018-08-01,2018-08-03,3,34.0,32.5,2018
Mannheim,316877,2019-06-23,2019-06-25,3,35.3,32.4,2019
Mannheim,316877,2019-07-22,2019-07-26,5,39.4,35.0,2019
Mannheim,316877,2019-08-23,2019-08-27,5,33.1,31.7,2019
Mannheim,316877,2020-08-05,2020-08-12,8,35.0,32.4,2020
Mannheim,316877,2021-06-15,2021-06-18,4,33.5,31.3,2021
Mannheim,316877,2022-07-17,2022-07-19,3,36.3,33.2,2022
Mannheim,316877,2022-08-10,2022-08-13,4,31.4,31.1,2022
Mannheim,316877,2022-08-22,2022-08-24,3,31.2,30.8,2022
Mannheim,316877,2023-09-04,2023-09-10,7,30.4,29.2,2023
Karlsruhe,309964,1982-06-01,1982-06-04,4,29.9,29.3,1982
Karlsruhe,309964,1990-08-02,1990-08-04,3,34.4,33.5,1990
Karlsruhe,309964,1992-08-06,1992-08-08,3,35.2,34.2,1992
Karlsruhe,309964,1996-06-05,1996-06-07,3,30.7,29.5,1996
Karlsruhe,309964,2000-06-18,2000-06-20,3,32.1,31.4,2000
Karlsruhe,309964,2003-08-02,2003-08-12,11,37.7,36.4,2003
Karlsruhe,309964,2003-09-18,2003-09-21,4,30.4,29.0,2003
Karlsruhe,309964,2004-06-07,2004-06-09,3,31.3,30.5,2004
Karlsruhe,309964,2006-07-18,2006-07-21,4,35.0,34.1,2006
Karlsruhe,309964,2006-07-24,2006-07-26,3,35.0,34.4,2006
Karlsruhe,309964,2010-07-08,2010-07-11,4,34.7,33.8,2010
Karlsruhe,309964,2012-08-17,2012-08-20,4,35.5,33.4,2012
Karlsruhe,309964,2013-06-16,2013-06-18,3,33.5,31.9,2013
Karlsruhe,309964,2014-06-06,2014-06-09,4,34.1,32.3,2014
Karlsruhe,309964,2015-06-30,2015-07-04,5,38.1,35.7,2015
Karlsruhe,309964,2015-08-05,2015-08-07,3,38.1,35.4,2015
Karlsruhe,309964,2016-08-24,2016-08-27,4,33.5,32.4,2016
Karlsruhe,309964,2016-09-11,2016-09-13,3,31.5,30.9,2016
Karlsruhe,309964,2017-05-26,2017-05-29,4,31.7,29.6,2017
Karlsruhe,309964,2017-06-18,2017-06-21,4,36.0,32.8,2017
Karlsruhe,309964,2018-07-24,2018-07-26,3,34.2,33.6,2018
Karlsruhe,309964,2018-07-29,2018-07-31,3,35.2,34.4,2018
Karlsruhe,309964,2018-09-17,2018-09-19,3,30.7,29.8,2018
Karlsruhe,309964,2019-06-01,2019-06-04,4,30.7,30.1,2019
Karlsruhe,309964,2019-06-23,2019-06-26,4,35.9,33.1,2019
Karlsruhe,309964,2019-07-22,2019-07-25,4,38.8,36.7,2019
Karlsruhe,309964,2019-08-24,2019-08-27,4,32.4,31.6,2019
Karlsruhe,309964,2020-08-06,2020-08-11,6,35.6,34.7,2020
Karlsruhe,309964,2020-09-13,2020-09-15,3,30.6,30.3,2020
Karlsruhe,309964,2021-06-15,2021-06-18,4,33.0,32.4,2021
Karlsruhe,309964,2022-05-17,2022-05-19,3,30.8,29.5,2022
Karlsruhe,309964,2022-07-17,2022-07-19,3,36.7,35.1,2022
Karlsruhe,309964,2023-07-07,2023-07-10,4,35.5,33.3,2023
Karlsruhe,309964,2023-09-06,2023-09-11,6,29.8,29.5,2023
Karlsruhe,309964,2025-06-28,2025-07-01,4,37.6,34.6,2025
Münster,306368,1982-06-01,1982-06-03,3,29.1,28.9,1982
Münster,306368,1983-07-25,1983-07-27,3,36.6,35.5,1983
Münster,306368,1992-08-06,1992-08-08,3,34.9,34.3,1992
Münster,306368,1996-06-05,1996-06-07,3,30.7,29.3,1996
Münster,306368,1998-08-09,1998-08-11,3,35.0,34.0,1998
Münster,306368,2000-06-18,2000-06-20,3,32.1,31.4,2000
Münster,306368,2003-06-09,2003-06-13,5,33.3,30.7,2003
Münster,306368,2003-08-02,2003-08-13,12,36.9,35.6,2003
Münster,306368,2004-06-07,2004-06-09,3,30.7,30.1,2004
Münster,306368,2006-07-18,2006-07-21,4,34.3,33.9,2006
Münster,306368,2006-07-24,2006-07-26,3,34.8,34.4,2006
Münster,306368,2007-05-23,2007-05-25,3,28.8,28.5,2007
Münster,306368,2010-07-08,2010-07-11,4,35.0,34.0,2010
Münster,306368,2011-08-20,2011-08-22,3,32.9,32.0,2011
Münster,306368,2012-08-17,2012-08-20,4,36.0,33.8,2012
Münster,306368,2013-06-16,2013-06-18,3,33.8,32.4,2013
Münster,306368,2014-06-06,2014-06-09,4,34.4,32.7,2014
Münster,306368,2015-06-30,2015-07-04,5,38.0,35.6,2015
Münster,306368,2015-08-05,2015-08-08,4,37.8,34.7,2015
Münster,306368,2015-08-28,2015-08-30,3,32.5,32.0,2015
Münster,306368,2016-08-23,2016-08-27,5,34.1,32.5,2016
Münster,306368,2016-09-11,2016-09-13,3,31.6,31.0,2016
Münster,306368,2017-05-26,2017-05-28,3,31.3,30.3,2017
Münster,306368,2017-06-18,2017-06-21,4,34.0,32.3,2017
Münster,306368,2018-06-03,2018-06-05,3,29.0,28.8,2018
Münster,306368,2018-08-20,2018-08-22,3,32.8,31.6,2018
Münster,306368,2018-09-17,2018-09-19,3,29.6,29.2,2018
Münster,306368,2019-06-01,2019-06-04,4,30.4,29.1,2019
Münster,306368,2019-06-24,2019-06-26,3,35.2,33.3,2019
Münster,306368,2019-07-22,2019-07-25,4,37.4,35.8,2019
Münster,306368,2019-08-25,2019-08-27,3,31.4,31.4,2019
Münster,306368,2020-08-06,2020-08-11,6,35.0,34.4,2020
Münster,306368,2020-09-13,2020-09-15,3,30.5,29.9,2020
Münster,306368,2021-06-14,2021-06-18,5,32.6,31.6,2021
Münster,306368,2022-05-17,2022-05-19,3,31.0,29.8,2022
Münster,306368,2022-06-14,2022-06-18,5,36.2,32.5,2022
Münster,306368,2022-07-17,2022-07-19,3,36.6,35.3,2022
Münster,306368,2022-08-23,2022-08-25,3,31.6,31.4,2022
Münster,306368,2023-07-07,2023-07-10,4,36.1,33.6,2023
Münster,306368,2023-08-17,2023-08-21,5,33.0,32.2,2023
Münster,306368,2023-09-07,2023-09-11,5,30.8,30.1,2023
Münster,306368,2024-08-27,2024-08-31,5,32.6,31.1,2024
Münster,306368,2025-06-11,2025-06-13,3,34.4,32.8,2025
Münster,306368,2025-06-27,2025-07-01,5,38.2,34.4,2025
Münster,306368,2025-08-11,2025-08-14,4,34.1,33.6,2025
Augsburg,303150,1983-07-25,1983-07-27,3,34.9,33.2,1983
Augsburg,303150,1992-08-06,1992-08-08,3,33.2,32.4,1992
Augsburg,303150,1994-06-25,1994-06-27,3,30.3,29.5,1994
Augsburg,303150,1999-07-02,1999-07-04,3,31.4,30.0,1999
Augsburg,303150,2002-06-16,2002-06-19,4,32.0,29.9,2002
Augsburg,303150,2003-06-09,2003-06-11,3,32.7,30.6,2003
Augsburg,303150,2003-08-02,2003-08-12,11,34.7,33.0,2003
Augsburg,303150,2006-07-18,2006-07-21,4,32.8,31.5,2006
Augsburg,303150,2006-07-24,2006-07-26,3,32.2,31.8,2006
Augsburg,303150,2010-07-08,2010-07-11,4,30.9,30.3,2010
Augsburg,303150,2011-08-20,2011-08-25,6,31.3,30.2,2011
Augsburg,303150,2012-08-18,2012-08-20,3,33.4,32.1,2012
Augsburg,303150,2013-06-16,2013-06-19,4,32.3,31.4,2013
Augsburg,303150,2014-06-07,2014-06-10,4,31.7,30.3,2014
Augsburg,303150,2015-07-01,2015-07-04,4,33.4,31.3,2015
Augsburg,303150,2015-08-05,2015-08-08,4,34.0,33.1,2015
Augsburg,303150,2015-08-26,2015-08-31,6,31.0,29.4,2015
Augsburg,303150,2016-08-25,2016-08-27,3,29.4,29.1,2016
Augsburg,303150,2018-07-29,2018-07-31,3,31.8,31.3,2018
Augsburg,303150,2019-06-24,2019-06-26,3,32.8,31.1,2019
Augsburg,303150,2019-07-23,2019-07-25,3,33.8,33.1,2019
Augsburg,303150,2021-06-16,2021-06-18,3,30.0,29.6,2021
Augsburg,303150,2023-07-08,2023-07-10,3,32.2,31.3,2023
Augsburg,303150,2023-08-18,2023-08-24,7,32.3,31.3,2023
Augsburg,303150,2024-08-28,2024-08-30,3,29.6,29.2,2024
Augsburg,303150,2025-06-12,2025-06-14,3,32.8,30.3,2025
Augsburg,303150,2025-06-28,2025-07-01,4,34.0,32.3,2025
Augsburg,303150,2025-08-11,2025-08-14,4,32.6,31.2,2025
Wiesbaden,285522,1982-06-01,1982-06-04,4,30.0,29.4,1982
Wiesbaden,285522,1982-09-14,1982-09-16,3,28.9,28.6,1982
Wiesbaden,285522,1990-08-01,1990-08-04,4,34.2,33.4,1990
Wiesbaden,285522,1992-08-06,1992-08-08,3,35.5,34.2,1992
Wiesbaden,285522,1996-06-05,1996-06-07,3,29.9,29.2,1996
Wiesbaden,285522,1999-09-11,1999-09-14,4,29.6,29.1,1999
Wiesbaden,285522,2000-06-18,2000-06-20,3,31.6,31.1,2000
Wiesbaden,285522,2003-08-02,2003-08-12,11,38.0,35.2,2003
Wiesbaden,285522,2004-06-07,2004-06-09,3,30.6,29.6,2004
Wiesbaden,285522,2006-07-24,2006-07-26,3,34.9,34.1,2006
Wiesbaden,285522,2010-07-08,2010-07-11,4,34.4,33.4,2010
Wiesbaden,285522,2012-08-17,2012-08-20,4,35.2,32.6,2012
Wiesbaden,285522,2014-06-06,2014-06-09,4,33.3,31.8,2014
Wiesbaden,285522,2015-06-30,2015-07-04,5,37.5,35.2,2015
Wiesbaden,285522,2016-08-24,2016-08-27,4,33.6,32.3,2016
Wiesbaden,285522,2016-09-11,2016-09-14,4,31.0,30.1,2016
Wiesbaden,285522,2017-06-18,2017-06-21,4,34.8,32.3,2017
Wiesbaden,285522,2018-07-24,2018-07-26,3,34.1,33.3,2018
Wiesbaden,285522,2018-08-01,2018-08-03,3,35.3,34.1,2018
Wiesbaden,285522,2019-06-01,2019-06-04,4,30.6,29.9,2019
Wiesbaden,285522,2019-06-23,2019-06-26,4,36.1,33.4,2019
Wiesbaden,285522,2019-07-22,2019-07-25,4,39.1,37.0,2019
Wiesbaden,285522,2019-08-24,2019-08-27,4,32.0,31.5,2019
Wiesbaden,285522,2020-08-06,2020-08-11,6,35.9,34.3,2020
Wiesbaden,285522,2020-09-13,2020-09-15,3,31.6,30.9,2020
Wiesbaden,285522,2021-06-15,2021-06-18,4,33.7,32.4,2021
Wiesbaden,285522,2022-07-17,2022-07-19,3,36.4,34.4,2022
Wiesbaden,285522,2022-08-23,2022-08-25,3,30.7,30.3,2022
Wiesbaden,285522,2023-09-08,2023-09-10,3,29.3,28.9,2023
Wiesbaden,285522,2025-06-28,2025-07-01,4,36.6,34.1,2025
Wiesbaden,285522,2025-08-12,2025-08-14,3,34.3,33.3,2025
Mönchengladbach,268943,1990-08-01,1990-08-03,3,34.0,32.5,1990
Mönchengladbach,268943,1994-08-02,1994-08-04,3,33.6,31.4,1994
Mönchengladbach,268943,1995-07-08,1995-07-10,3,31.9,31.4,1995
Mönchengladbach,268943,1996-06-05,1996-06-07,3,30.1,29.2,1996
Mönchengladbach,268943,2001-08-23,2001-08-25,3,33.2,31.3,2001
Mönchengladbach,268943,2003-08-04,2003-08-11,8,35.6,32.8,2003
Mönchengladbach,268943,2006-07-17,2006-07-21,5,34.3,31.7,2006
Mönchengladbach,268943,2006-07-24,2006-07-26,3,33.0,31.6,2006
Mönchengladbach,268943,2010-07-07,2010-07-10,4,33.5,32.3,2010
Mönchengladbach,268943,2012-08-17,2012-08-19,3,35.1,32.0,2012
Mönchengladbach,268943,2015-06-30,2015-07-03,4,35.0,32.9,2015
Mönchengladbach,268943,2016-08-23,2016-08-26,4,32.0,30.7,2016
Mönchengladbach,268943,2016-09-11,2016-09-14,4,31.4,30.1,2016
Mönchengladbach,268943,2017-06-18,2017-06-21,4,34.0,31.0,2017
Mönchengladbach,268943,2018-07-23,2018-07-26,4,34.8,33.3,2018
Mönchengladbach,268943,2018-08-01,2018-08-03,3,33.8,32.5,2018
Mönchengladbach,268943,2019-06-23,2019-06-25,3,35.3,32.3,2019
Mönchengladbach,268943,2019-07-22,2019-07-25,4,39.4,37.2,2019
Mönchengladbach,268943,2019-08-23,2019-08-27,5,32.8,31.1,2019
Mönchengladbach,268943,2020-08-05,2020-08-12,8,35.8,33.4,2020
Mönchengladbach,268943,2021-06-15,2021-06-18,4,33.3,30.9,2021
Mönchengladbach,268943,2022-08-09,2022-08-13,5,32.0,31.3,2022
Mönchengladbach,268943,2022-08-22,2022-08-24,3,32.3,31.2,2022
Mönchengladbach,268943,2023-06-08,2023-06-11,4,29.3,28.8,2023
Mönchengladbach,268943,2023-09-06,2023-09-10,5,30.3,29.2,2023
Mönchengladbach,268943,2025-06-29,2025-07-01,3,35.2,33.8,2025
Mönchengladbach,268943,2025-08-11,2025-08-13,3,32.8,32.4,2025
Gelsenkirchen,265885,1982-06-01,1982-06-04,4,29.2,28.9,1982
Gelsenkirchen,265885,1990-08-01,1990-08-03,3,34.4,32.6,1990
Gelsenkirchen,265885,1991-09-01,1991-09-03,3,28.7,28.5,1991
Gelsenkirchen,265885,1994-07-22,1994-07-24,3,32.7,31.6,1994
Gelsenkirchen,265885,1995-07-08,1995-07-10,3,32.2,31.4,1995
Gelsenkirchen,265885,1996-06-05,1996-06-07,3,30.2,29.1,1996
Gelsenkirchen,265885,1999-09-10,1999-09-12,3,29.3,28.8,1999
Gelsenkirchen,265885,2003-08-04,2003-08-08,5,34.9,32.9,2003
Gelsenkirchen,265885,2006-07-17,2006-07-21,5,34.4,32.3,2006
Gelsenkirchen,265885,2006-07-24,2006-07-26,3,33.6,32.3,2006
Gelsenkirchen,265885,2010-07-07,2010-07-11,5,34.1,32.6,2010
Gelsenkirchen,265885,2015-06-30,2015-07-03,4,34.8,32.9,2015
Gelsenkirchen,265885,2016-08-23,2016-08-27,5,31.7,30.7,2016
Gelsenkirchen,265885,2016-09-11,2016-09-14,4,31.5,30.4,2016
Gelsenkirchen,265885,2018-07-23,2018-07-26,4,35.0,33.8,2018
Gelsenkirchen,265885,2018-08-01,2018-08-03,3,33.8,33.1,2018
Gelsenkirchen,265885,2019-06-23,2019-06-25,3,35.0,32.6,2019
Gelsenkirchen,265885,2019-07-22,2019-07-26,5,38.5,35.0,2019
Gelsenkirchen,265885,2019-08-23,2019-08-27,5,32.4,30.8,2019
Gelsenkirchen,265885,2020-08-05,2020-08-12,8,33.8,31.6,2020
Gelsenkirchen,265885,2021-06-15,2021-06-17,3,32.8,31.1,2021
Gelsenkirchen,265885,2022-08-10,2022-08-13,4,31.6,30.9,2022
Gelsenkirchen,265885,2022-08-22,2022-08-24,3,32.2,31.3,2022
Gelsenkirchen,265885,2023-09-04,2023-09-10,7,29.4,29.0,2023
Gelsenkirchen,265885,2025-06-29,2025-07-01,3,37.6,34.6,2025
Gelsenkirchen,265885,2025-08-11,2025-08-14,4,35.1,33.2,2025
Aachen,252769,1990-08-01,1990-08-03,3,32.9,31.9,1990
Aachen,252769,1992-08-06,1992-08-08,3,32.5,30.6,1992
Aachen,252769,1994-08-02,1994-08-04,3,32.9,30.8,1994
Aachen,252769,1995-07-08,1995-07-10,3,30.6,30.2,1995
Aachen,252769,2001-08-23,2001-08-25,3,31.8,30.3,2001
Aachen,252769,2003-08-03,2003-08-12,10,35.2,32.2,2003
Aachen,252769,2006-07-24,2006-07-26,3,32.0,30.7,2006
Aachen,252769,2010-07-07,2010-07-10,4,32.8,31.1,2010
Aachen,252769,2013-07-20,2013-07-22,3,31.2,30.1,2013
Aachen,252769,2015-06-30,2015-07-04,5,34.9,32.1,2015
Aachen,252769,2016-08-23,2016-08-26,4,31.5,30.2,2016
Aachen,252769,2016-09-11,2016-09-13,3,30.2,29.4,2016
Aachen,252769,2017-06-18,2017-06-21,4,32.6,30.5,2017
Aachen,252769,2018-07-23,2018-07-26,4,33.8,32.1,2018
Aachen,252769,2018-08-01,2018-08-03,3,32.8,31.4,2018
Aachen,252769,2019-06-23,2019-06-25,3,33.2,31.2,2019
Aachen,252769,2019-07-22,2019-07-25,4,38.8,36.3,2019
Aachen,252769,2019-08-23,2019-08-27,5,30.9,29.5,2019
Aachen,252769,2020-08-05,2020-08-12,8,35.1,33.1,2020
Aachen,252769,2021-06-15,2021-06-17,3,31.6,30.2,2021
Aachen,252769,2022-08-09,2022-08-13,5,32.0,30.2,2022
Aachen,252769,2022-08-22,2022-08-24,3,32.8,31.1,2022
Aachen,252769,2023-09-04,2023-09-10,7,29.9,29.1,2023
Aachen,252769,2025-06-11,2025-06-13,3,32.3,31.0,2025
Aachen,252769,2025-06-28,2025-07-01,4,36.4,33.2,2025
Aachen,252769,2025-08-11,2025-08-13,3,32.4,32.0,2025
Kiel,252668,1994-07-11,1994-07-13,3,29.9,29.1,1994
Kiel,252668,1994-07-21,1994-07-27,7,32.0,29.9,1994
Kiel,252668,2000-06-18,2000-06-20,3,31.0,29.9,2000
Kiel,252668,2003-08-06,2003-08-11,6,30.3,29.2,2003
Kiel,252668,2010-07-07,2010-07-11,5,31.2,29.4,2010
Kiel,252668,2018-07-23,2018-07-27,5,32.4,30.5,2018
Kiel,252668,2018-08-05,2018-08-07,3,33.8,30.8,2018
Kiel,252668,2020-08-05,2020-08-07,3,30.0,29.7,2020
Kiel,252668,2020-08-09,2020-08-11,3,28.9,28.5,2020
Kiel,252668,2020-08-14,2020-08-16,3,29.2,28.8,2020
Kiel,252668,2022-08-11,2022-08-14,4,29.4,28.9,2022
Braunschweig,252066,1982-06-01,1982-06-04,4,30.6,29.8,1982
Braunschweig,252066,1994-07-22,1994-07-24,3,32.0,31.1,1994
Braunschweig,252066,1994-07-29,1994-07-31,3,33.1,31.5,1994
Braunschweig,252066,2000-06-18,2000-06-20,3,32.0,31.2,2000
Braunschweig,252066,2003-08-06,2003-08-11,6,33.9,32.1,2003
Braunschweig,252066,2006-07-17,2006-07-21,5,34.5,31.9,2006
Braunschweig,252066,2010-07-07,2010-07-11,5,34.7,32.8,2010
Braunschweig,252066,2014-06-07,2014-06-09,3,30.7,29.7,2014
Braunschweig,252066,2015-07-01,2015-07-04,4,35.7,32.2,2015
Braunschweig,252066,2016-08-23,2016-08-27,5,33.2,30.8,2016
Braunschweig,252066,2016-09-11,2016-09-13,3,30.3,29.7,2016
Braunschweig,252066,2018-07-23,2018-07-27,5,33.4,31.9,2018
Braunschweig,252066,2018-07-29,2018-07-31,3,34.0,32.4,2018
Braunschweig,252066,2018-08-06,2018-08-08,3,35.3,33.5,2018
Braunschweig,252066,2019-07-22,2019-07-25,4,35.0,32.3,2019
Braunschweig,252066,2019-08-24,2019-08-27,4,31.6,31.3,2019
Braunschweig,252066,2020-08-05,2020-08-08,4,34.8,32.7,2020
Braunschweig,252066,2021-06-16,2021-06-18,3,33.2,31.7,2021
Braunschweig,252066,2022-07-17,2022-07-19,3,37.9,34.5,2022
Braunschweig,252066,2022-08-23,2022-08-25,3,29.8,29.3,2022
Braunschweig,252066,2024-09-02,2024-09-06,5,30.2,29.2,2024
Braunschweig,252066,2025-08-11,2025-08-13,3,35.6,32.7,2025
Chemnitz,245618,1994-06-25,1994-06-28,4,31.1,29.6,1994
Chemnitz,245618,1994-07-27,1994-07-31,5,33.2,31.7,1994
Chemnitz,245618,2000-06-19,2000-06-21,3,31.2,30.1,2000
Chemnitz,245618,2010-07-08,2010-07-11,4,33.2,31.9,2010
Chemnitz,245618,2012-08-18,2012-08-20,3,34.0,31.6,2012
Chemnitz,245618,2013-06-17,2013-06-19,3,30.9,30.2,2013
Chemnitz,245618,2014-06-07,2014-06-09,3,30.8,30.3,2014
Chemnitz,245618,2015-07-01,2015-07-04,4,33.8,31.8,2015
Chemnitz,245618,2015-08-05,2015-08-07,3,34.1,33.0,2015
Chemnitz,245618,2015-08-29,2015-08-31,3,31.8,30.6,2015
Chemnitz,245618,2016-08-25,2016-08-27,3,30.5,29.7,2016
Chemnitz,245618,2018-07-29,2018-08-03,6,32.8,31.2,2018
Chemnitz,245618,2018-08-06,2018-08-08,3,33.4,32.9,2018
Chemnitz,245618,2019-06-28,2019-06-30,3,34.3,30.7,2019
Chemnitz,245618,2019-08-27,2019-08-30,4,29.6,29.0,2019
Chemnitz,245618,2020-08-06,2020-08-08,3,32.3,31.4,2020
Chemnitz,245618,2020-08-10,2020-08-12,3,30.8,30.0,2020
Chemnitz,245618,2021-06-16,2021-06-19,4,30.5,29.9,2021
Chemnitz,245618,2022-08-02,2022-08-04,3,33.5,32.2,2022
Chemnitz,245618,2023-07-07,2023-07-10,4,31.8,30.5,2023
Chemnitz,245618,2024-08-27,2024-08-29,3,31.3,29.5,2024
Chemnitz,245618,2024-09-01,2024-09-07,7,30.9,29.5,2024
Chemnitz,245618,2025-08-12,2025-08-14,3,32.7,32.1,2025
Halle (Saale),242172,1982-05-31,1982-06-04,5,31.7,30.1,1982
Halle (Saale),242172,1994-07-22,1994-07-31,10,35.6,33.0,1994
Halle (Saale),242172,2000-06-18,2000-06-20,3,32.8,31.9,2000
Halle (Saale),242172,2003-06-02,2003-06-04,3,31.2,30.2,2003
Halle (Saale),242172,2003-08-06,2003-08-09,4,33.8,32.5,2003
Halle (Saale),242172,2006-07-17,2006-07-21,5,35.4,32.5,2006
Halle (Saale),242172,2006-07-25,2006-07-27,3,34.3,32.8,2006
Halle (Saale),242172,2010-07-08,2010-07-11,4,35.4,34.1,2010
Halle (Saale),242172,2011-06-03,2011-06-05,3,29.6,28.9,2011
Halle (Saale),242172,2014-06-07,2014-06-09,3,31.8,31.3,2014
Halle (Saale),242172,2015-07-01,2015-07-04,4,35.6,33.3,2015
Halle (Saale),242172,2016-08-24,2016-08-27,4,32.9,31.4,2016
Halle (Saale),242172,2016-09-11,2016-09-13,3,30.8,30.3,2016
Halle (Saale),242172,2017-05-27,2017-05-29,3,30.6,29.8,2017
Halle (Saale),242172,2018-06-06,2018-06-09,4,32.1,30.1,2018
Halle (Saale),242172,2018-07-23,2018-07-27,5,33.0,32.4,2018
Halle (Saale),242172,2018-08-06,2018-08-08,3,35.2,34.9,2018
Halle (Saale),242172,2018-09-17,2018-09-20,4,30.6,30.0,2018
Halle (Saale),242172,2019-06-01,2019-06-04,4,32.4,31.0,2019
Halle (Saale),242172,2019-06-23,2019-06-25,3,35.0,32.9,2019
Halle (Saale),242172,2019-07-22,2019-07-25,4,36.0,33.6,2019
Halle (Saale),242172,2019-08-24,2019-08-30,7,32.4,31.6,2019
Halle (Saale),242172,2020-08-06,2020-08-08,3,34.2,33.3,2020
Halle (Saale),242172,2020-08-10,2020-08-12,3,32.1,31.8,2020
Halle (Saale),242172,2020-09-13,2020-09-15,3,30.2,29.8,2020
Halle (Saale),242172,2021-06-16,2021-06-19,4,32.5,31.6,2021
Halle (Saale),242172,2023-09-05,2023-09-11,7,29.4,28.8,2023
Halle (Saale),242172,2024-09-01,2024-09-07,7,32.9,30.9,2024
Halle (Saale),242172,2025-08-12,2025-08-14,3,34.2,33.4,2025
Magdeburg,240114,1982-05-31,1982-06-04,5,31.8,30.3,1982
Magdeburg,240114,1994-07-22,1994-07-27,6,33.3,32.0,1994
Magdeburg,240114,1994-07-29,1994-07-31,3,34.4,33.9,1994
Magdeburg,240114,2000-06-18,2000-06-20,3,33.2,32.5,2000
Magdeburg,240114,2003-06-01,2003-06-04,4,31.5,29.6,2003
Magdeburg,240114,2003-08-06,2003-08-09,4,33.4,32.0,2003
Magdeburg,240114,2005-09-06,2005-09-08,3,29.2,28.9,2005
Magdeburg,240114,2006-07-17,2006-07-22,6,35.9,32.4,2006
Magdeburg,240114,2006-07-25,2006-07-27,3,34.4,32.9,2006
Magdeburg,240114,2010-07-08,2010-07-11,4,35.2,34.2,2010
Magdeburg,240114,2014-06-07,2014-06-09,3,31.6,30.8,2014
Magdeburg,240114,2015-07-01,2015-07-04,4,35.7,32.9,2015
Magdeburg,240114,2016-08-24,2016-08-27,4,34.3,32.2,2016
Magdeburg,240114,2016-09-11,2016-09-13,3,30.9,30.3,2016
Magdeburg,240114,2018-05-27,2018-05-31,5,30.8,29.7,2018
Magdeburg,240114,2018-06-06,2018-06-08,3,30.8,29.8,2018
Magdeburg,240114,2018-07-23,2018-07-27,5,33.3,32.3,2018
Magdeburg,240114,2018-07-29,2018-07-31,3,36.0,33.6,2018
Magdeburg,240114,2018-08-06,2018-08-08,3,35.9,35.4,2018
Magdeburg,240114,2018-09-17,2018-09-20,4,30.2,29.2,2018
Magdeburg,240114,2019-06-01,2019-06-04,4,33.8,31.7,2019
Magdeburg,240114,2019-07-22,2019-07-25,4,35.6,33.1,2019
Magdeburg,240114,2019-08-23,2019-08-30,8,32.8,31.4,2019
Magdeburg,240114,2020-08-06,2020-08-08,3,34.5,33.8,2020
Magdeburg,240114,2020-08-10,2020-08-12,3,32.7,32.0,2020
Magdeburg,240114,2020-09-13,2020-09-15,3,30.0,29.4,2020
Magdeburg,240114,2021-06-16,2021-06-19,4,34.6,33.0,2021
Magdeburg,240114,2022-06-22,2022-06-26,5,32.0,30.7,2022
Magdeburg,240114,2023-09-05,2023-09-10,6,29.8,29.2,2023
Magdeburg,240114,2024-09-02,2024-09-07,6,33.2,31.4,2024
Magdeburg,240114,2025-08-11,2025-08-14,4,35.6,32.9,2025
Freiburg im Breisgau,237244,1983-07-25,1983-07-27,3,36.4,35.3,1983
Freiburg im Breisgau,237244,1992-08-06,1992-08-08,3,33.7,33.3,1992
Freiburg im Breisgau,237244,1998-08-07,1998-08-11,5,34.6,33.2,1998
Freiburg im Breisgau,237244,2003-06-09,2003-06-13,5,33.2,30.4,2003
Freiburg im Breisgau,237244,2003-08-02,2003-08-13,12,35.8,34.4,2003
Freiburg im Breisgau,237244,2006-07-18,2006-07-21,4,32.8,32.3,2006
Freiburg im Breisgau,237244,2006-07-24,2006-07-26,3,33.4,32.6,2006
Freiburg im Breisgau,237244,2011-08-20,2011-08-22,3,33.4,32.7,2011
Freiburg im Breisgau,237244,2012-08-17,2012-08-20,4,34.0,32.6,2012
Freiburg im Breisgau,237244,2013-06-16,2013-06-18,3,32.1,31.9,2013
Freiburg im Breisgau,237244,2014-06-06,2014-06-10,5,33.3,31.2,2014
Freiburg im Breisgau,237244,2015-06-30,2015-07-04,5,35.3,33.9,2015
Freiburg im Breisgau,237244,2015-08-05,2015-08-07,3,35.9,33.5,2015
Freiburg im Breisgau,237244,2015-08-28,2015-08-30,3,31.6,31.2,2015
Freiburg im Breisgau,237244,2016-08-23,2016-08-27,5,33.0,31.5,2016
Freiburg im Breisgau,237244,2016-09-11,2016-09-13,3,29.7,29.2,2016
Freiburg im Breisgau,237244,2017-06-18,2017-06-22,5,32.9,31.2,2017
Freiburg im Breisgau,237244,2017-07-05,2017-07-07,3,32.0,31.8,2017
Freiburg im Breisgau,237244,2018-08-02,2018-08-06,5,33.2,32.6,2018
Freiburg im Breisgau,237244,2019-06-24,2019-06-26,3,32.6,31.6,2019
Freiburg im Breisgau,237244,2019-07-22,2019-07-25,4,35.7,34.1,2019
Freiburg im Breisgau,237244,2020-08-07,2020-08-10,4,32.0,31.7,2020
Freiburg im Breisgau,237244,2020-09-13,2020-09-15,3,29.8,29.0,2020
Freiburg im Breisgau,237244,2021-06-15,2021-06-18,4,31.0,30.6,2021
Freiburg im Breisgau,237244,2022-06-14,2022-06-19,6,35.7,31.7,2022
Freiburg im Breisgau,237244,2022-07-17,2022-07-19,3,36.5,34.6,2022
Freiburg im Breisgau,237244,2022-08-02,2022-08-04,3,36.1,34.7,2022
Freiburg im Breisgau,237244,2023-08-17,2023-08-23,7,33.2,32.0,2023
Freiburg im Breisgau,237244,2023-09-07,2023-09-11,5,30.2,29.7,2023
Freiburg im Breisgau,237244,2024-08-27,2024-08-29,3,30.9,29.9,2024
Freiburg im Breisgau,237244,2025-06-11,2025-06-13,3,33.7,31.6,2025
Freiburg im Breisgau,237244,2025-06-27,2025-07-01,5,34.9,32.9,2025
Krefeld,228550,1982-06-01,1982-06-03,3,28.3,28.1,1982
Krefeld,228550,1990-08-01,1990-08-03,3,34.0,32.4,1990
Krefeld,228550,1994-08-02,1994-08-04,3,33.7,31.5,1994
Krefeld,228550,1995-07-08,1995-07-10,3,32.2,31.6,1995
Krefeld,228550,1996-06-05,1996-06-07,3,30.2,29.3,1996
Krefeld,228550,1998-08-09,1998-08-11,3,31.0,30.0,1998
Krefeld,228550,2001-08-23,2001-08-25,3,33.2,31.1,2001
Krefeld,228550,2003-08-04,2003-08-08,5,34.8,32.6,2003
Krefeld,228550,2006-07-17,2006-07-21,5,34.3,31.8,2006
Krefeld,228550,2006-07-24,2006-07-26,3,33.2,31.7,2006
Krefeld,228550,2010-07-07,2010-07-11,5,33.7,32.2,2010
Krefeld,228550,2012-08-17,2012-08-19,3,35.0,31.7,2012
Krefeld,228550,2015-06-30,2015-07-03,4,34.8,32.8,2015
Krefeld,228550,2016-08-23,2016-08-27,5,31.9,30.2,2016
Krefeld,228550,2016-09-11,2016-09-14,4,31.5,30.2,2016
Krefeld,228550,2017-06-18,2017-06-21,4,33.8,30.8,2017
Krefeld,228550,2018-07-23,2018-07-26,4,34.7,33.5,2018
Krefeld,228550,2018-08-01,2018-08-03,3,33.6,32.3,2018
Krefeld,228550,2019-06-22,2019-06-25,4,35.2,31.5,2019
Krefeld,228550,2019-07-22,2019-07-25,4,39.6,37.2,2019
Krefeld,228550,2019-08-23,2019-08-27,5,33.0,31.3,2019
Krefeld,228550,2020-08-05,2020-08-12,8,35.0,33.1,2020
Krefeld,228550,2021-06-15,2021-06-17,3,33.1,31.0,2021
Krefeld,228550,2022-08-09,2022-08-13,5,32.5,31.2,2022
Krefeld,228550,2022-08-22,2022-08-24,3,32.8,31.8,2022
Krefeld,228550,2022-09-03,2022-09-05,3,29.8,29.2,2022
Krefeld,228550,2023-06-08,2023-06-11,4,29.2,28.8,2023
Krefeld,228550,2023-09-05,2023-09-10,6,30.3,29.1,2023
Krefeld,228550,2025-06-29,2025-07-01,3,35.7,34.1,2025
Krefeld,228550,2025-08-11,2025-08-13,3,33.5,32.7,2025
Mainz,222889,1982-06-01,1982-06-04,4,30.3,29.6,1982
Mainz,222889,1982-09-14,1982-09-16,3,29.2,28.9,1982
Mainz,222889,1990-08-01,1990-08-04,4,34.1,33.3,1990
Mainz,222889,1992-08-06,1992-08-08,3,35.7,34.4,1992
Mainz,222889,1999-09-11,1999-09-14,4,29.8,29.3,1999
Mainz,222889,2000-06-18,2000-06-20,3,31.5,30.9,2000
Mainz,222889,2003-08-02,2003-08-12,11,38.0,35.6,2003
Mainz,222889,2003-09-18,2003-09-20,3,30.4,29.1,2003
Mainz,222889,2004-06-07,2004-06-09,3,31.1,30.1,2004
Mainz,222889,2006-07-17,2006-07-21,5,35.2,33.6,2006
Mainz,222889,2006-07-24,2006-07-26,3,35.1,34.3,2006
Mainz,222889,2010-07-08,2010-07-11,4,34.4,33.5,2010
Mainz,222889,2012-08-17,2012-08-20,4,34.9,32.7,2012
Mainz,222889,2014-06-06,2014-06-09,4,33.3,31.8,2014
Mainz,222889,2015-06-30,2015-07-04,5,37.5,35.4,2015
Mainz,222889,2016-08-24,2016-08-27,4,33.6,32.2,2016
Mainz,222889,2016-09-11,2016-09-14,4,31.1,30.1,2016
Mainz,222889,2017-05-26,2017-05-29,4,33.6,30.6,2017
Mainz,222889,2017-06-18,2017-06-21,4,35.8,33.1,2017
Mainz,222889,2018-07-23,2018-07-26,4,34.6,33.6,2018
Mainz,222889,2018-07-29,2018-08-03,6,35.4,34.2,2018
Mainz,222889,2018-09-17,2018-09-19,3,31.1,29.8,2018
Mainz,222889,2019-05-31,2019-06-04,5,31.9,30.9,2019
Mainz,222889,2019-06-23,2019-06-26,4,37.2,34.3,2019
Mainz,222889,2019-07-22,2019-07-25,4,39.4,37.4,2019
Mainz,222889,2019-08-24,2019-08-28,5,32.8,31.7,2019
Mainz,222889,2020-08-06,2020-08-11,6,35.6,34.6,2020
Mainz,222889,2020-09-11,2020-09-15,5,30.8,29.9,2020
Mainz,222889,2021-06-14,2021-06-18,5,34.6,33.1,2021
Mainz,222889,2022-06-16,2022-06-18,3,36.4,34.0,2022
Mainz,222889,2022-07-17,2022-07-19,3,36.7,35.2,2022
Mainz,222889,2023-06-08,2023-06-10,3,28.8,28.5,2023
Mainz,222889,2025-06-28,2025-07-01,4,36.8,34.5,2025
Mainz,222889,2025-08-11,2025-08-14,4,35.3,33.9,2025
Lübeck,219044,1982-06-02,1982-06-04,3,29.4,28.9,1982
Lübeck,219044,1994-07-11,1994-07-13,3,29.9,29.3,1994
Lübeck,219044,1994-07-21,1994-07-27,7,32.4,30.5,1994
Lübeck,219044,2000-06-18,2000-06-20,3,31.7,30.7,2000
Lübeck,219044,2003-08-06,2003-08-12,7,32.2,30.0,2003
Lübeck,219044,2006-07-17,2006-07-19,3,34.3,30.7,2006
Lübeck,219044,2010-07-07,2010-07-11,5,32.2,31.0,2010
Lübeck,219044,2012-08-17,2012-08-19,3,31.6,29.5,2012
Lübeck,219044,2015-07-02,2015-07-04,3,33.8,30.8,2015
Lübeck,219044,2018-07-23,2018-07-27,5,32.1,30.8,2018
Lübeck,219044,2018-08-06,2018-08-08,3,33.5,31.4,2018
Lübeck,219044,2019-08-24,2019-08-27,4,31.0,29.8,2019
Lübeck,219044,2020-08-05,2020-08-07,3,30.4,30.1,2020
Lübeck,219044,2020-08-09,2020-08-12,4,30.0,29.4,2020
Lübeck,219044,2020-08-14,2020-08-16,3,30.4,29.7,2020
Lübeck,219044,2021-06-16,2021-06-18,3,32.8,31.6,2021
Lübeck,219044,2024-09-04,2024-09-07,4,30.2,29.2,2024
Erfurt,215199,1982-06-02,1982-06-04,3,30.1,29.7,1982
Erfurt,215199,1982-09-14,1982-09-16,3,28.7,28.5,1982
Erfurt,215199,1994-07-29,1994-07-31,3,32.4,32.2,1994
Erfurt,215199,2000-06-18,2000-06-20,3,31.4,30.5,2000
Erfurt,215199,2003-08-02,2003-08-04,3,32.2,31.7,2003
Erfurt,215199,2003-08-06,2003-08-09,4,33.8,33.1,2003
Erfurt,215199,2006-07-17,2006-07-21,5,34.0,32.0,2006
Erfurt,215199,2010-07-08,2010-07-11,4,33.3,32.6,2010
Erfurt,215199,2013-06-17,2013-06-19,3,31.3,29.8,2013
Erfurt,215199,2014-06-07,2014-06-09,3,31.2,30.4,2014
Erfurt,215199,2015-07-01,2015-07-04,4,35.3,32.7,2015
Erfurt,215199,2016-08-24,2016-08-27,4,32.0,31.4,2016
Erfurt,215199,2016-09-11,2016-09-13,3,30.4,29.9,2016
Erfurt,215199,2018-07-23,2018-07-27,5,32.8,32.1,2018
Erfurt,215199,2018-08-05,2018-08-08,4,34.8,33.5,2018
Erfurt,215199,2018-09-17,2018-09-19,3,29.4,29.1,2018
Erfurt,215199,2019-06-01,2019-06-04,4,31.2,29.6,2019
Erfurt,215199,2019-06-23,2019-06-25,3,34.4,32.3,2019
Erfurt,215199,2019-07-22,2019-07-25,4,36.4,34.0,2019
Erfurt,215199,2019-08-24,2019-08-28,5,31.5,30.8,2019
Erfurt,215199,2020-08-06,2020-08-08,3,33.5,32.3,2020
Erfurt,215199,2020-08-10,2020-08-12,3,32.0,31.1,2020
Erfurt,215199,2021-06-16,2021-06-19,4,32.3,30.7,2021
Erfurt,215199,2023-09-07,2023-09-11,5,28.8,28.7,2023
Erfurt,215199,2024-09-01,2024-09-07,7,32.0,29.7,2024
Erfurt,215199,2025-08-11,2025-08-14,4,34.8,33.3,2025
Oberhausen,211099,1982-06-01,1982-06-04,4,28.9,28.7,1982
Oberhausen,211099,1990-08-01,1990-08-03,3,34.2,32.5,1990
Oberhausen,211099,1991-09-01,1991-09-03,3,28.8,28.6,1991
Oberhausen,211099,1994-07-22,1994-07-24,3,32.8,31.6,1994
Oberhausen,211099,1995-07-08,1995-07-10,3,32.3,31.6,1995
Oberhausen,211099,1996-06-05,1996-06-07,3,30.3,29.1,1996
Oberhausen,211099,1999-09-10,1999-09-12,3,29.4,28.9,1999
Oberhausen,211099,2003-08-04,2003-08-08,5,34.9,32.9,2003
Oberhausen,211099,2006-07-17,2006-07-21,5,34.5,32.1,2006
Oberhausen,211099,2006-07-24,2006-07-26,3,33.4,32.2,2006
Oberhausen,211099,2010-07-07,2010-07-11,5,33.9,32.3,2010
Oberhausen,211099,2015-06-30,2015-07-03,4,34.9,32.9,2015
Oberhausen,211099,2016-08-23,2016-08-27,5,31.7,30.5,2016
Oberhausen,211099,2016-09-11,2016-09-14,4,31.6,30.5,2016
Oberhausen,211099,2017-06-18,2017-06-21,4,33.6,31.0,2017
Oberhausen,211099,2018-07-23,2018-07-26,4,35.1,33.9,2018
Oberhausen,211099,2018-08-01,2018-08-03,3,33.9,32.8,2018
Oberhausen,211099,2019-06-22,2019-06-25,4,35.6,32.1,2019
Oberhausen,211099,2019-07-22,2019-07-26,5,39.8,36.0,2019
Oberhausen,211099,2019-08-23,2019-08-27,5,32.6,31.2,2019
Oberhausen,211099,2020-08-05,2020-08-12,8,34.6,32.2,2020
Oberhausen,211099,2021-06-15,2021-06-18,4,33.0,30.6,2021
Oberhausen,211099,2022-08-10,2022-08-13,4,31.0,30.8,2022
Oberhausen,211099,2022-08-22,2022-08-24,3,33.2,31.8,2022
Oberhausen,211099,2023-06-09,2023-06-11,3,29.4,28.8,2023
Oberhausen,211099,2023-09-04,2023-09-10,7,30.0,29.0,2023
Oberhausen,211099,2025-06-29,2025-07-01,3,37.4,35.0,2025
Oberhausen,211099,2025-08-11,2025-08-13,3,34.8,34.0,2025
Rostock,210795,1982-06-01,1982-06-04,4,29.0,28.6,1982
Rostock,210795,1992-06-28,1992-06-30,3,30.0,29.0,1992
Rostock,210795,1994-07-11,1994-07-13,3,30.3,29.5,1994
Rostock,210795,1994-07-21,1994-07-25,5,31.6,30.3,1994
Rostock,210795,2000-06-18,2000-06-20,3,32.0,30.8,2000
Rostock,210795,2010-07-08,2010-07-11,4,32.9,32.0,2010
Rostock,210795,2015-07-02,2015-07-04,3,32.4,30.5,2015
Rostock,210795,2018-05-27,2018-05-30,4,30.1,29.2,2018
Rostock,210795,2018-08-06,2018-08-08,3,34.0,32.3,2018
Rostock,210795,2019-08-24,2019-08-27,4,30.6,29.7,2019
Rostock,210795,2020-08-14,2020-08-16,3,29.8,29.3,2020
Rostock,210795,2021-06-16,2021-06-18,3,32.5,30.9,2021
Rostock,210795,2022-08-12,2022-08-14,3,29.9,29.5,2022
Rostock,210795,2024-09-02,2024-09-04,3,31.2,30.0,2024
Kassel,204687,1982-06-02,1982-06-04,3,29.6,29.1,1982
Kassel,204687,1983-08-18,1983-08-20,3,29.0,28.9,1983
Kassel,204687,1994-07-22,1994-07-24,3,31.2,30.5,1994
Kassel,204687,1994-07-29,1994-07-31,3,31.3,30.9,1994
Kassel,204687,2000-06-18,2000-06-20,3,31.1,30.3,2000
Kassel,204687,2003-08-02,2003-08-12,11,34.7,32.2,2003
Kassel,204687,2006-07-17,2006-07-19,3,32.7,31.6,2006
Kassel,204687,2010-07-08,2010-07-11,4,33.4,32.4,2010
Kassel,204687,2013-06-17,2013-06-19,3,31.6,30.1,2013
Kassel,204687,2014-06-07,2014-06-09,3,30.5,30.5,2014
Kassel,204687,2015-07-01,2015-07-04,4,35.1,32.9,2015
Kassel,204687,2016-08-23,2016-08-27,5,31.5,30.7,2016
Kassel,204687,2016-09-11,2016-09-13,3,30.3,29.7,2016
Kassel,204687,2018-07-23,2018-07-27,5,32.1,31.4,2018
Kassel,204687,2018-08-05,2018-08-08,4,34.4,32.0,2018
Kassel,204687,2019-07-22,2019-07-25,4,35.6,33.0,2019
Kassel,204687,2019-08-24,2019-08-27,4,30.8,30.3,2019
Kassel,204687,2020-08-06,2020-08-11,6,34.2,31.8,2020
Kassel,204687,2020-09-13,2020-09-15,3,29.3,28.9,2020
Kassel,204687,2021-06-16,2021-06-18,3,32.0,31.1,2021
Kassel,204687,2022-07-17,2022-07-19,3,37.6,35.1,2022
Kassel,204687,2022-08-22,2022-08-25,4,30.7,29.7,2022
Kassel,204687,2025-06-29,2025-07-01,3,36.1,32.8,2025
Kassel,204687,2025-08-11,2025-08-14,4,35.1,32.0,2025
Hagen,190384,1982-06-01,1982-06-03,3,28.6,28.5,1982
Hagen,190384,1990-08-01,1990-08-03,3,33.5,31.6,1990
Hagen,190384,1994-08-02,1994-08-04,3,32.9,31.4,1994
Hagen,190384,1995-07-08,1995-07-10,3,31.1,30.4,1995
Hagen,190384,2003-08-04,2003-08-11,8,34.6,31.8,2003
Hagen,190384,2006-07-17,2006-07-21,5,33.2,31.5,2006
Hagen,190384,2010-07-07,2010-07-11,5,33.3,32.0,2010
Hagen,190384,2012-08-17,2012-08-19,3,33.0,30.3,2012
Hagen,190384,2015-06-30,2015-07-04,5,34.0,32.1,2015
Hagen,190384,2016-08-23,2016-08-27,5,31.1,30.0,2016
Hagen,190384,2016-09-11,2016-09-14,4,29.9,29.0,2016
Hagen,190384,2018-07-23,2018-07-26,4,33.9,32.9,2018
Hagen,190384,2018-08-01,2018-08-03,3,33.5,32.5,2018
Hagen,190384,2019-06-23,2019-06-25,3,33.1,31.2,2019
Hagen,190384,2019-07-22,2019-07-26,5,37.1,34.0,2019
Hagen,190384,2019-08-23,2019-08-27,5,31.7,30.4,2019
Hagen,190384,2020-08-05,2020-08-12,8,34.3,31.9,2020
Hagen,190384,2021-06-15,2021-06-17,3,31.8,30.5,2021
Hagen,190384,2022-07-17,2022-07-19,3,36.2,32.9,2022
Hagen,190384,2022-08-10,2022-08-13,4,31.3,30.9,2022
Hagen,190384,2022-08-22,2022-08-24,3,32.1,31.5,2022
Hagen,190384,2023-09-05,2023-09-10,6,29.4,29.0,2023
Hagen,190384,2025-06-29,2025-07-01,3,37.5,34.4,2025
Hagen,190384,2025-08-11,2025-08-13,3,33.9,32.9,2025
Potsdam,187119,1982-05-31,1982-06-04,5,31.7,30.3,1982
Potsdam,187119,1992-08-07,1992-08-09,3,36.9,34.6,1992
Potsdam,187119,1994-07-21,1994-07-31,11,36.2,32.7,1994
Potsdam,187119,1997-08-23,1997-08-25,3,30.6,29.8,1997
Potsdam,187119,2000-06-18,2000-06-20,3,33.5,32.1,2000
Potsdam,187119,2003-06-02,2003-06-04,3,30.8,29.8,2003
Potsdam,187119,2006-07-04,2006-07-06,3,31.7,30.7,2006
Potsdam,187119,2006-07-17,2006-07-21,5,34.8,31.7,2006
Potsdam,187119,2010-07-01,2010-07-03,3,31.2,30.8,2010
Potsdam,187119,2010-07-08,2010-07-11,4,35.6,34.4,2010
Potsdam,187119,2014-06-07,2014-06-09,3,31.9,30.9,2014
Potsdam,187119,2015-07-02,2015-07-04,3,35.3,34.2,2015
Potsdam,187119,2015-08-05,2015-08-07,3,35.5,33.1,2015
Potsdam,187119,2016-06-22,2016-06-24,3,32.9,31.3,2016
Potsdam,187119,2016-08-24,2016-08-27,4,33.8,31.3,2016
Potsdam,187119,2016-09-10,2016-09-13,4,30.6,29.4,2016
Potsdam,187119,2018-05-27,2018-05-31,5,30.5,29.8,2018
Potsdam,187119,2018-07-23,2018-07-27,5,32.5,31.3,2018
Potsdam,187119,2018-07-29,2018-07-31,3,34.2,32.7,2018
Potsdam,187119,2018-08-06,2018-08-08,3,36.3,34.9,2018
Potsdam,187119,2018-09-17,2018-09-20,4,29.4,28.8,2018
Potsdam,187119,2019-06-01,2019-06-05,5,32.2,30.2,2019
Potsdam,187119,2019-08-24,2019-08-30,7,32.1,30.6,2019
Potsdam,187119,2020-08-06,2020-08-08,3,33.8,32.8,2020
Potsdam,187119,2020-09-13,2020-09-15,3,30.2,29.0,2020
Potsdam,187119,2021-06-16,2021-06-20,5,33.4,32.1,2021
Potsdam,187119,2023-09-08,2023-09-11,4,29.3,28.9,2023
Potsdam,187119,2024-09-02,2024-09-07,6,33.0,30.8,2024
Potsdam,187119,2025-08-12,2025-08-14,3,32.3,31.5,2025
Saarbrücken,183509,1983-07-25,1983-07-27,3,35.3,34.2,1983
Saarbrücken,183509,1990-08-01,1990-08-04,4,32.9,32.1,1990
Saarbrücken,183509,1992-08-06,1992-08-08,3,34.4,33.5,1992
Saarbrücken,183509,1998-08-09,1998-08-11,3,34.7,33.3,1998
Saarbrücken,183509,2002-06-16,2002-06-18,3,32.7,31.3,2002
Saarbrücken,183509,2003-08-02,2003-08-12,11,36.2,34.9,2003
Saarbrücken,183509,2004-06-07,2004-06-09,3,29.2,28.8,2004
Saarbrücken,183509,2006-07-17,2006-07-21,5,34.5,32.6,2006
Saarbrücken,183509,2006-07-24,2006-07-26,3,34.4,33.8,2006
Saarbrücken,183509,2010-07-08,2010-07-10,3,34.9,32.8,2010
Saarbrücken,183509,2011-08-20,2011-08-22,3,30.1,30.0,2011
Saarbrücken,183509,2012-08-17,2012-08-20,4,35.4,32.5,2012
Saarbrücken,183509,2013-06-16,2013-06-18,3,31.6,30.8,2013
Saarbrücken,183509,2014-06-06,2014-06-09,4,32.8,30.8,2014
Saarbrücken,183509,2015-06-30,2015-07-04,5,37.3,35.6,2015
Saarbrücken,183509,2015-08-28,2015-08-30,3,31.7,31.1,2015
Saarbrücken,183509,2016-08-23,2016-08-27,5,33.7,31.8,2016
Saarbrücken,183509,2016-09-11,2016-09-13,3,30.5,30.1,2016
Saarbrücken,183509,2017-05-26,2017-05-28,3,30.6,29.8,2017
Saarbrücken,183509,2017-06-18,2017-06-21,4,34.8,32.2,2017
Saarbrücken,183509,2018-07-24,2018-07-26,3,32.8,32.4,2018
Saarbrücken,183509,2019-06-23,2019-06-26,4,34.1,32.0,2019
Saarbrücken,183509,2019-07-22,2019-07-25,4,37.9,35.5,2019
Saarbrücken,183509,2019-08-25,2019-08-27,3,30.8,30.4,2019
Saarbrücken,183509,2020-08-06,2020-08-11,6,35.4,33.6,2020
Saarbrücken,183509,2020-09-13,2020-09-15,3,31.8,31.2,2020
Saarbrücken,183509,2021-06-14,2021-06-18,5,30.4,29.7,2021
Saarbrücken,183509,2022-06-16,2022-06-18,3,33.8,32.0,2022
Saarbrücken,183509,2025-06-11,2025-06-13,3,34.1,31.4,2025
Saarbrücken,183509,2025-06-28,2025-07-01,4,37.4,35.0,2025
Saarbrücken,183509,2025-08-11,2025-08-14,4,35.4,34.1,2025
Hamm,180761,1982-06-01,1982-06-04,4,30.1,29.5,1982
Hamm,180761,1990-08-01,1990-08-03,3,34.0,31.7,1990
Hamm,180761,1994-07-01,1994-07-03,3,31.7,30.6,1994
Hamm,180761,1994-07-22,1994-07-24,3,31.8,31.3,1994
Hamm,180761,1994-08-02,1994-08-04,3,33.3,31.8,1994
Hamm,180761,1995-07-08,1995-07-10,3,31.5,30.6,1995
Hamm,180761,2000-06-18,2000-06-20,3,31.8,30.6,2000
Hamm,180761,2001-08-23,2001-08-25,3,32.5,30.5,2001
Hamm,180761,2003-08-03,2003-08-11,9,35.3,32.7,2003
Hamm,180761,2006-07-17,2006-07-21,5,33.7,32.1,2006
Hamm,180761,2010-07-07,2010-07-11,5,33.7,32.2,2010
Hamm,180761,2012-08-17,2012-08-19,3,33.7,31.1,2012
Hamm,180761,2015-06-30,2015-07-04,5,34.7,32.3,2015
Hamm,180761,2016-08-23,2016-08-27,5,31.8,30.8,2016
Hamm,180761,2016-09-11,2016-09-14,4,30.7,29.7,2016
Hamm,180761,2018-07-23,2018-07-26,4,34.4,33.3,2018
Hamm,180761,2018-08-01,2018-08-03,3,34.0,32.9,2018
Hamm,180761,2019-06-23,2019-06-25,3,34.0,32.0,2019
Hamm,180761,2019-07-22,2019-07-26,5,38.0,34.2,2019
Hamm,180761,2019-08-23,2019-08-27,5,32.8,31.1,2019
Hamm,180761,2020-08-05,2020-08-12,8,34.6,32.2,2020
Hamm,180761,2021-06-15,2021-06-18,4,33.0,31.0,2021
Hamm,180761,2022-07-17,2022-07-19,3,35.6,32.9,2022
Hamm,180761,2022-08-22,2022-08-24,3,30.8,30.4,2022
Hamm,180761,2023-09-07,2023-09-10,4,30.4,29.5,2023
Ludwigshafen am Rhein,176110,1982-06-01,1982-06-03,3,30.1,29.9,1982
Ludwigshafen am Rhein,176110,1990-08-02,1990-08-04,3,34.8,33.9,1990
Ludwigshafen am Rhein,176110,1992-08-06,1992-08-08,3,35.6,34.6,1992
Ludwigshafen am Rhein,176110,1996-06-05,1996-06-07,3,30.8,29.6,1996
Ludwigshafen am Rhein,176110,2000-06-18,2000-06-20,3,32.3,31.6,2000
Ludwigshafen am Rhein,176110,2003-08-02,2003-08-12,11,38.0,36.6,2003
Ludwigshafen am Rhein,176110,2003-09-18,2003-09-21,4,30.8,29.4,2003
Ludwigshafen am Rhein,176110,2004-06-07,2004-06-09,3,31.8,31.0,2004
Ludwigshafen am Rhein,176110,2006-07-17,2006-07-21,5,35.6,34.2,2006
Ludwigshafen am Rhein,176110,2006-07-24,2006-07-26,3,35.5,34.8,2006
Ludwigshafen am Rhein,176110,2010-07-08,2010-07-11,4,35.0,34.2,2010
Ludwigshafen am Rhein,176110,2012-08-17,2012-08-20,4,35.9,33.7,2012
Ludwigshafen am Rhein,176110,2013-06-16,2013-06-18,3,33.6,32.0,2013
Ludwigshafen am Rhein,176110,2014-06-06,2014-06-09,4,34.4,32.7,2014
Ludwigshafen am Rhein,176110,2015-06-30,2015-07-04,5,38.7,36.2,2015
Ludwigshafen am Rhein,176110,2015-08-05,2015-08-07,3,38.5,35.6,2015
Ludwigshafen am Rhein,176110,2016-08-24,2016-08-27,4,33.8,32.7,2016
Ludwigshafen am Rhein,176110,2016-09-09,2016-09-13,5,31.8,30.4,2016
Ludwigshafen am Rhein,176110,2017-05-26,2017-05-29,4,33.3,30.8,2017
Ludwigshafen am Rhein,176110,2017-06-18,2017-06-21,4,36.7,33.7,2017
Ludwigshafen am Rhein,176110,2018-06-03,2018-06-05,3,29.9,29.2,2018
Ludwigshafen am Rhein,176110,2018-07-24,2018-07-26,3,35.0,34.2,2018
Ludwigshafen am Rhein,176110,2018-07-29,2018-07-31,3,35.5,34.5,2018
Ludwigshafen am Rhein,176110,2018-09-09,2018-09-11,3,31.4,30.0,2018
Ludwigshafen am Rhein,176110,2018-09-17,2018-09-19,3,31.4,30.5,2018
Ludwigshafen am Rhein,176110,2019-05-31,2019-06-04,5,32.8,31.4,2019
Ludwigshafen am Rhein,176110,2019-06-23,2019-06-26,4,37.5,34.5,2019
Ludwigshafen am Rhein,176110,2019-07-22,2019-07-25,4,39.8,37.6,2019
Ludwigshafen am Rhein,176110,2019-08-24,2019-08-28,5,33.3,32.1,2019
Ludwigshafen am Rhein,176110,2020-08-06,2020-08-11,6,35.8,35.0,2020
Ludwigshafen am Rhein,176110,2020-09-11,2020-09-15,5,31.4,30.4,2020
Ludwigshafen am Rhein,176110,2021-06-14,2021-06-18,5,34.5,33.2,2021
Ludwigshafen am Rhein,176110,2022-05-17,2022-05-19,3,33.2,30.8,2022
Ludwigshafen am Rhein,176110,2022-06-14,2022-06-18,5,36.8,33.2,2022
Ludwigshafen am Rhein,176110,2022-07-17,2022-07-19,3,37.6,36.1,2022
Ludwigshafen am Rhein,176110,2022-08-22,2022-08-24,3,32.8,32.0,2022
Ludwigshafen am Rhein,176110,2023-06-08,2023-06-10,3,30.2,29.4,2023
Ludwigshafen am Rhein,176110,2023-07-07,2023-07-10,4,36.2,34.7,2023
Ludwigshafen am Rhein,176110,2023-09-05,2023-09-11,7,31.0,30.5,2023
Ludwigshafen am Rhein,176110,2025-06-27,2025-07-01,5,37.9,34.4,2025
Ludwigshafen am Rhein,176110,2025-08-12,2025-08-14,3,33.5,33.1,2025
Oldenburg,174629,1982-06-01,1982-06-04,4,30.8,29.8,1982
Oldenburg,174629,1997-08-10,1997-08-12,3,30.5,29.5,1997
Oldenburg,174629,2000-06-18,2000-06-20,3,32.1,30.6,2000
Oldenburg,174629,2002-07-28,2002-07-30,3,30.0,29.6,2002
Oldenburg,174629,2003-08-06,2003-08-11,6,33.7,32.0,2003
Oldenburg,174629,2008-07-26,2008-07-28,3,30.3,30.1,2008
Oldenburg,174629,2010-07-08,2010-07-11,4,33.0,31.5,2010
Oldenburg,174629,2014-07-17,2014-07-19,3,31.8,30.3,2014
Oldenburg,174629,2016-08-23,2016-08-25,3,30.3,29.3,2016
Oldenburg,174629,2018-07-23,2018-07-27,5,33.4,31.6,2018
Oldenburg,174629,2019-07-22,2019-07-25,4,35.8,32.7,2019
Oldenburg,174629,2019-08-24,2019-08-27,4,31.5,30.3,2019
Oldenburg,174629,2020-08-05,2020-08-12,8,32.0,30.8,2020
Oldenburg,174629,2022-08-10,2022-08-16,7,31.8,29.9,2022
Oldenburg,174629,2022-08-22,2022-08-24,3,30.2,29.4,2022
Mülheim an der Ruhr,173255,1982-06-01,1982-06-03,3,28.5,28.5,1982
Mülheim an der Ruhr,173255,1990-08-01,1990-08-03,3,33.8,32.2,1990
Mülheim an der Ruhr,173255,1994-07-22,1994-07-24,3,32.2,31.1,1994
Mülheim an der Ruhr,173255,1994-08-02,1994-08-04,3,33.6,31.6,1994
Mülheim an der Ruhr,173255,1995-07-08,1995-07-10,3,32.0,31.4,1995
Mülheim an der Ruhr,173255,1996-06-05,1996-06-07,3,30.0,29.0,1996
Mülheim an der Ruhr,173255,2003-08-04,2003-08-08,5,34.5,32.5,2003
Mülheim an der Ruhr,173255,2006-07-17,2006-07-21,5,34.0,31.7,2006
Mülheim an der Ruhr,173255,2006-07-24,2006-07-26,3,33.2,31.9,2006
Mülheim an der Ruhr,173255,2010-07-07,2010-07-11,5,33.6,32.2,2010
Mülheim an der Ruhr,173255,2015-06-30,2015-07-03,4,34.4,32.6,2015
Mülheim an der Ruhr,173255,2016-08-23,2016-08-27,5,31.6,30.2,2016
Mülheim an der Ruhr,173255,2016-09-11,2016-09-14,4,31.1,30.0,2016
Mülheim an der Ruhr,173255,2017-06-18,2017-06-21,4,33.4,30.8,2017
Mülheim an der Ruhr,173255,2018-07-23,2018-07-26,4,34.8,33.7,2018
Mülheim an der Ruhr,173255,2018-08-01,2018-08-03,3,33.8,32.6,2018
Mülheim an der Ruhr,173255,2019-06-22,2019-06-25,4,35.1,31.6,2019
Mülheim an der Ruhr,173255,2019-07-22,2019-07-26,5,39.6,35.8,2019
Mülheim an der Ruhr,173255,2019-08-23,2019-08-27,5,32.5,31.0,2019
Mülheim an der Ruhr,173255,2020-08-05,2020-08-12,8,34.6,32.3,2020
Mülheim an der Ruhr,173255,2021-06-15,2021-06-17,3,32.4,30.7,2021
Mülheim an der Ruhr,173255,2022-08-10,2022-08-13,4,31.1,30.9,2022
Mülheim an der Ruhr,173255,2022-08-22,2022-08-24,3,33.0,31.5,2022
Mülheim an der Ruhr,173255,2023-06-08,2023-06-11,4,29.4,28.6,2023
Mülheim an der Ruhr,173255,2023-09-04,2023-09-10,7,30.0,29.0,2023
Mülheim an der Ruhr,173255,2025-06-29,2025-07-01,3,37.4,35.0,2025
Mülheim an der Ruhr,173255,2025-08-11,2025-08-13,3,34.6,33.8,2025
Osnabrück,166960,1982-06-01,1982-06-04,4,31.8,30.5,1982
Osnabrück,166960,1983-08-18,1983-08-20,3,30.6,29.7,1983
Osnabrück,166960,1986-06-30,1986-07-02,3,31.2,30.4,1986
Osnabrück,166960,1994-07-22,1994-07-24,3,33.6,32.4,1994
Osnabrück,166960,1994-07-29,1994-07-31,3,32.9,31.6,1994
Osnabrück,166960,1996-06-05,1996-06-07,3,30.5,29.6,1996
Osnabrück,166960,1999-09-10,1999-09-12,3,29.0,28.7,1999
Osnabrück,166960,2000-06-18,2000-06-20,3,32.8,31.4,2000
Osnabrück,166960,2003-08-03,2003-08-11,9,35.6,33.4,2003
Osnabrück,166960,2006-07-17,2006-07-21,5,34.2,32.2,2006
Osnabrück,166960,2010-07-07,2010-07-11,5,34.5,33.0,2010
Osnabrück,166960,2012-08-17,2012-08-19,3,34.8,31.6,2012
Osnabrück,166960,2015-06-30,2015-07-04,5,35.7,32.3,2015
Osnabrück,166960,2016-08-23,2016-08-27,5,31.7,30.8,2016
Osnabrück,166960,2016-09-11,2016-09-14,4,31.3,29.8,2016
Osnabrück,166960,2018-07-23,2018-07-26,4,33.4,32.7,2018
Osnabrück,166960,2018-08-01,2018-08-03,3,33.3,31.6,2018
Osnabrück,166960,2019-07-22,2019-07-25,4,37.8,34.5,2019
Osnabrück,166960,2019-08-24,2019-08-27,4,32.3,31.4,2019
Osnabrück,166960,2020-08-05,2020-08-12,8,33.8,31.8,2020
Osnabrück,166960,2022-07-17,2022-07-19,3,36.3,33.1,2022
Osnabrück,166960,2022-08-10,2022-08-13,4,31.2,30.5,2022
Osnabrück,166960,2022-08-22,2022-08-24,3,30.8,30.3,2022
Osnabrück,166960,2023-09-04,2023-09-10,7,30.0,28.8,2023
Osnabrück,166960,2025-08-11,2025-08-13,3,33.8,32.6,2025
Leverkusen,166414,1982-06-01,1982-06-03,3,28.6,28.3,1982
Leverkusen,166414,1990-08-01,1990-08-03,3,34.9,33.3,1990
Leverkusen,166414,1992-08-06,1992-08-08,3,33.8,32.4,1992
Leverkusen,166414,1994-08-02,1994-08-04,3,33.8,32.3,1994
Leverkusen,166414,1995-07-08,1995-07-10,3,32.2,31.7,1995
Leverkusen,166414,1996-06-05,1996-06-07,3,30.0,29.0,1996
Leverkusen,166414,2001-08-23,2001-08-25,3,33.0,31.2,2001
Leverkusen,166414,2003-08-03,2003-08-11,9,37.0,33.7,2003
Leverkusen,166414,2006-07-17,2006-07-21,5,34.3,32.1,2006
Leverkusen,166414,2006-07-24,2006-07-26,3,34.1,32.6,2006
Leverkusen,166414,2010-06-30,2010-07-02,3,33.3,32.2,2010
Leverkusen,166414,2010-07-07,2010-07-11,5,34.6,32.9,2010
Leverkusen,166414,2012-08-17,2012-08-19,3,34.7,31.8,2012
Leverkusen,166414,2015-06-30,2015-07-04,5,34.6,32.6,2015
Leverkusen,166414,2016-08-23,2016-08-27,5,32.4,30.6,2016
Leverkusen,166414,2016-09-11,2016-09-14,4,31.3,30.3,2016
Leverkusen,166414,2017-06-18,2017-06-21,4,33.4,30.5,2017
Leverkusen,166414,2018-07-23,2018-07-26,4,34.8,33.7,2018
Leverkusen,166414,2018-08-01,2018-08-03,3,34.4,33.2,2018
Leverkusen,166414,2019-06-23,2019-06-25,3,35.6,32.4,2019
Leverkusen,166414,2019-07-22,2019-07-25,4,38.7,36.4,2019
Leverkusen,166414,2019-08-23,2019-08-27,5,32.1,30.5,2019
Leverkusen,166414,2020-08-05,2020-08-12,8,35.6,33.1,2020
Leverkusen,166414,2021-06-15,2021-06-18,4,33.8,31.3,2021
Leverkusen,166414,2022-08-09,2022-08-13,5,32.4,31.7,2022
Leverkusen,166414,2022-08-22,2022-08-24,3,33.0,31.8,2022
Leverkusen,166414,2023-06-08,2023-06-11,4,29.1,28.7,2023
Leverkusen,166414,2023-09-06,2023-09-10,5,29.6,29.2,2023
Leverkusen,166414,2025-06-29,2025-07-01,3,36.8,33.8,2025
Leverkusen,166414,2025-08-11,2025-08-13,3,33.6,32.7,2025
Darmstadt,164792,1982-06-01,1982-06-04,4,29.7,29.2,1982
Darmstadt,164792,1982-09-14,1982-09-16,3,28.7,28.5,1982
Darmstadt,164792,1990-08-02,1990-08-04,3,33.8,33.1,1990
Darmstadt,164792,1992-08-06,1992-08-08,3,35.1,33.9,1992
Darmstadt,164792,1999-09-11,1999-09-14,4,29.4,29.0,1999
Darmstadt,164792,2000-06-18,2000-06-20,3,31.4,30.7,2000
Darmstadt,164792,2003-08-01,2003-08-12,12,37.1,35.2,2003
Darmstadt,164792,2003-09-18,2003-09-20,3,30.1,28.8,2003
Darmstadt,164792,2004-06-07,2004-06-09,3,30.6,29.6,2004
Darmstadt,164792,2006-07-18,2006-07-21,4,34.7,33.5,2006
Darmstadt,164792,2006-07-24,2006-07-26,3,34.5,33.8,2006
Darmstadt,164792,2012-08-17,2012-08-20,4,34.7,32.5,2012
Darmstadt,164792,2013-06-16,2013-06-18,3,33.1,31.0,2013
Darmstadt,164792,2014-06-06,2014-06-09,4,33.0,31.3,2014
Darmstadt,164792,2015-06-30,2015-07-04,5,37.2,34.9,2015
Darmstadt,164792,2015-08-05,2015-08-07,3,37.6,34.7,2015
Darmstadt,164792,2016-08-24,2016-08-27,4,33.1,32.0,2016
Darmstadt,164792,2016-09-11,2016-09-14,4,30.8,29.8,2016
Darmstadt,164792,2017-06-18,2017-06-21,4,35.5,32.9,2017
Darmstadt,164792,2018-07-23,2018-07-26,4,33.6,32.8,2018
Darmstadt,164792,2018-07-29,2018-08-03,6,34.8,33.7,2018
Darmstadt,164792,2018-09-17,2018-09-19,3,30.5,29.4,2018
Darmstadt,164792,2019-06-01,2019-06-04,4,30.6,29.9,2019
Darmstadt,164792,2019-06-23,2019-06-26,4,36.3,33.1,2019
Darmstadt,164792,2019-07-22,2019-07-25,4,38.8,36.9,2019
Darmstadt,164792,2019-08-25,2019-08-28,4,31.6,31.3,2019
Darmstadt,164792,2020-08-06,2020-08-11,6,36.0,34.8,2020
Darmstadt,164792,2020-09-13,2020-09-15,3,30.8,30.0,2020
Darmstadt,164792,2021-06-14,2021-06-18,5,33.8,32.3,2021
Darmstadt,164792,2022-05-17,2022-05-19,3,30.2,29.1,2022
Darmstadt,164792,2022-07-17,2022-07-19,3,37.0,35.2,2022
Darmstadt,164792,2022-08-22,2022-08-25,4,32.2,31.6,2022
Darmstadt,164792,2023-09-07,2023-09-10,4,29.3,29.0,2023
Darmstadt,164792,2025-06-11,2025-06-13,3,32.8,31.5,2025
Darmstadt,164792,2025-06-28,2025-07-01,4,37.0,34.8,2025
Darmstadt,164792,2025-08-11,2025-08-14,4,34.8,33.5,2025
Heidelberg,162960,1982-06-01,1982-06-04,4,29.9,29.3,1982
Heidelberg,162960,1983-07-25,1983-07-27,3,35.8,34.9,1983
Heidelberg,162960,1992-08-06,1992-08-08,3,34.8,34.1,1992
Heidelberg,162960,1996-06-05,1996-06-07,3,30.9,29.6,1996
Heidelberg,162960,2000-06-18,2000-06-20,3,32.1,31.3,2000
Heidelberg,162960,2003-06-01,2003-06-03,3,29.8,28.8,2003
Heidelberg,162960,2003-08-02,2003-08-12,11,37.1,36.1,2003
Heidelberg,162960,2004-06-07,2004-06-09,3,30.7,30.0,2004
Heidelberg,162960,2005-05-26,2005-05-28,3,29.5,29.1,2005
Heidelberg,162960,2006-07-18,2006-07-21,4,34.2,33.7,2006
Heidelberg,162960,2006-07-24,2006-07-26,3,34.6,34.1,2006
Heidelberg,162960,2010-07-08,2010-07-11,4,34.5,33.7,2010
Heidelberg,162960,2012-08-17,2012-08-20,4,35.6,33.5,2012
Heidelberg,162960,2013-06-16,2013-06-18,3,33.6,32.3,2013
Heidelberg,162960,2014-06-06,2014-06-09,4,33.9,32.2,2014
Heidelberg,162960,2015-06-30,2015-07-04,5,37.4,35.2,2015
Heidelberg,162960,2015-08-05,2015-08-08,4,37.5,34.5,2015
Heidelberg,162960,2015-08-28,2015-08-30,3,32.8,32.1,2015
Heidelberg,162960,2016-08-23,2016-08-27,5,33.4,32.1,2016
Heidelberg,162960,2016-09-11,2016-09-13,3,31.3,30.7,2016
Heidelberg,162960,2017-06-19,2017-06-21,3,33.4,31.6,2017
Heidelberg,162960,2018-07-29,2018-07-31,3,34.2,33.8,2018
Heidelberg,162960,2018-09-17,2018-09-19,3,29.4,28.8,2018
Heidelberg,162960,2019-07-23,2019-07-25,3,36.9,35.7,2019
Heidelberg,162960,2020-08-07,2020-08-11,5,33.9,33.6,2020
Heidelberg,162960,2020-09-13,2020-09-15,3,29.6,29.0,2020
Heidelberg,162960,2021-06-15,2021-06-18,4,32.0,31.2,2021
Heidelberg,162960,2022-07-17,2022-07-19,3,35.2,33.8,2022
Heidelberg,162960,2025-06-29,2025-07-01,3,35.2,33.4,2025
Solingen,161545,1990-08-01,1990-08-03,3,33.2,31.6,1990
Solingen,161545,1992-08-06,1992-08-08,3,32.1,30.8,1992
Solingen,161545,1994-07-22,1994-07-24,3,30.9,30.0,1994
Solingen,161545,1994-08-02,1994-08-04,3,32.6,30.9,1994
Solingen,161545,1995-07-08,1995-07-10,3,31.0,30.4,1995
Solingen,161545,2003-08-03,2003-08-11,9,35.0,31.6,2003
Solingen,161545,2006-07-17,2006-07-21,5,32.9,30.8,2006
Solingen,161545,2006-07-24,2006-07-26,3,32.6,31.1,2006
Solingen,161545,2010-07-07,2010-07-11,5,33.1,31.8,2010
Solingen,161545,2012-08-17,2012-08-19,3,33.1,30.2,2012
Solingen,161545,2015-06-30,2015-07-04,5,33.4,31.4,2015
Solingen,161545,2016-08-23,2016-08-27,5,31.0,29.4,2016
Solingen,161545,2016-09-11,2016-09-13,3,29.7,29.1,2016
Solingen,161545,2018-07-23,2018-07-26,4,33.3,32.2,2018
Solingen,161545,2018-08-01,2018-08-03,3,33.3,32.2,2018
Solingen,161545,2019-06-23,2019-06-25,3,34.1,31.4,2019
Solingen,161545,2019-07-22,2019-07-26,5,37.4,33.9,2019
Solingen,161545,2019-08-24,2019-08-27,4,30.4,29.5,2019
Solingen,161545,2020-08-05,2020-08-12,8,33.9,31.4,2020
Solingen,161545,2021-06-15,2021-06-17,3,32.1,30.1,2021
Solingen,161545,2022-08-09,2022-08-13,5,31.2,30.3,2022
Solingen,161545,2022-08-22,2022-08-24,3,31.6,30.5,2022
Solingen,161545,2025-06-29,2025-07-01,3,35.8,33.4,2025
Solingen,161545,2025-08-11,2025-08-13,3,32.4,31.5,2025
Herne,157896,1982-06-01,1982-06-04,4,29.3,28.9,1982
Herne,157896,1990-08-01,1990-08-03,3,34.4,32.6,1990
Herne,157896,1991-09-01,1991-09-03,3,28.5,28.4,1991
Herne,157896,1994-07-22,1994-07-24,3,32.5,31.5,1994
Herne,157896,1994-08-02,1994-08-04,3,34.0,32.1,1994
Herne,157896,1995-07-08,1995-07-10,3,32.1,31.3,1995
Herne,157896,1996-06-05,1996-06-07,3,30.2,29.1,1996
Herne,157896,1999-09-10,1999-09-12,3,29.1,28.7,1999
Herne,157896,2003-08-04,2003-08-08,5,34.7,32.9,2003
Herne,157896,2006-07-17,2006-07-21,5,34.3,32.3,2006
Herne,157896,2006-07-24,2006-07-26,3,33.5,32.2,2006
Herne,157896,2010-07-07,2010-07-11,5,34.1,32.6,2010
Herne,157896,2015-06-30,2015-07-04,5,34.7,32.3,2015
Herne,157896,2016-08-23,2016-08-27,5,31.6,30.7,2016
Herne,157896,2016-09-11,2016-09-14,4,31.3,30.3,2016
Herne,157896,2018-07-23,2018-07-26,4,35.4,34.1,2018
Herne,157896,2018-08-01,2018-08-03,3,34.2,33.4,2018
Herne,157896,2019-06-22,2019-06-25,4,35.3,32.2,2019
Herne,157896,2019-07-22,2019-07-26,5,39.2,35.5,2019
Herne,157896,2019-08-23,2019-08-27,5,33.0,31.3,2019
Herne,157896,2020-08-05,2020-08-12,8,34.3,31.9,2020
Herne,157896,2021-06-15,2021-06-18,4,33.0,31.0,2021
Herne,157896,2022-07-17,2022-07-19,3,36.9,33.1,2022
Herne,157896,2022-08-10,2022-08-13,4,32.1,31.0,2022
Herne,157896,2022-08-22,2022-08-24,3,32.0,31.2,2022
Herne,157896,2023-06-09,2023-06-11,3,28.8,28.4,2023
Herne,157896,2023-09-04,2023-09-10,7,29.5,29.0,2023
Herne,157896,2025-06-29,2025-07-01,3,37.7,34.9,2025
Herne,157896,2025-08-11,2025-08-14,4,35.4,33.2,2025
Paderborn,155749,1982-06-01,1982-06-04,4,30.0,29.1,1982
Paderborn,155749,1994-07-22,1994-07-24,3,31.2,30.5,1994
Paderborn,155749,1994-07-29,1994-07-31,3,30.6,30.3,1994
Paderborn,155749,2000-06-18,2000-06-20,3,31.4,30.5,2000
Paderborn,155749,2003-08-02,2003-08-11,10,34.7,32.3,2003
Paderborn,155749,2006-07-17,2006-07-21,5,32.4,31.1,2006
Paderborn,155749,2010-07-07,2010-07-11,5,33.1,31.9,2010
Paderborn,155749,2012-08-17,2012-08-19,3,32.5,30.4,2012
Paderborn,155749,2013-06-17,2013-06-19,3,32.1,30.0,2013
Paderborn,155749,2014-06-07,2014-06-09,3,29.5,29.2,2014
Paderborn,155749,2015-07-01,2015-07-04,4,34.8,32.9,2015
Paderborn,155749,2016-08-23,2016-08-27,5,32.3,30.8,2016
Paderborn,155749,2016-09-11,2016-09-13,3,30.1,29.5,2016
Paderborn,155749,2018-07-23,2018-07-27,5,32.8,31.7,2018
Paderborn,155749,2018-07-29,2018-08-03,6,32.8,31.3,2018
Paderborn,155749,2018-08-05,2018-08-08,4,35.6,32.0,2018
Paderborn,155749,2019-06-23,2019-06-25,3,32.7,30.9,2019
Paderborn,155749,2019-07-22,2019-07-26,5,36.9,33.3,2019
Paderborn,155749,2019-08-23,2019-08-27,5,31.9,30.7,2019
Paderborn,155749,2020-08-05,2020-08-12,8,34.8,31.9,2020
Paderborn,155749,2021-06-15,2021-06-18,4,31.8,30.0,2021
Paderborn,155749,2022-07-17,2022-07-19,3,35.7,33.8,2022
Paderborn,155749,2022-08-10,2022-08-13,4,31.5,30.5,2022
Paderborn,155749,2022-08-22,2022-08-25,4,31.8,30.4,2022
Paderborn,155749,2025-06-29,2025-07-01,3,35.9,32.4,2025
Paderborn,155749,2025-08-11,2025-08-13,3,32.8,31.8,2025
Neuss,155163,1982-06-01,1982-06-03,3,28.3,28.2,1982
Neuss,155163,1990-08-01,1990-08-03,3,34.6,33.0,1990
Neuss,155163,1991-09-01,1991-09-03,3,28.8,28.6,1991
Neuss,155163,1992-08-06,1992-08-08,3,33.4,31.7,1992
Neuss,155163,1994-08-02,1994-08-04,3,34.0,32.0,1994
Neuss,155163,1995-07-08,1995-07-10,3,32.3,31.8,1995
Neuss,155163,1996-06-05,1996-06-07,3,30.3,29.4,1996
Neuss,155163,1998-08-09,1998-08-11,3,31.2,30.3,1998
Neuss,155163,2001-08-23,2001-08-25,3,33.6,31.6,2001
Neuss,155163,2003-08-04,2003-08-11,8,36.4,33.2,2003
Neuss,155163,2006-07-17,2006-07-21,5,34.6,32.0,2006
Neuss,155163,2006-07-24,2006-07-26,3,33.6,32.1,2006
Neuss,155163,2010-07-07,2010-07-11,5,34.0,32.6,2010
Neuss,155163,2012-08-17,2012-08-19,3,35.2,32.0,2012
Neuss,155163,2015-06-30,2015-07-03,4,35.0,33.0,2015
Neuss,155163,2016-08-23,2016-08-27,5,32.4,30.6,2016
Neuss,155163,2016-09-11,2016-09-14,4,31.8,30.6,2016
Neuss,155163,2017-06-18,2017-06-21,4,34.0,30.9,2017
Neuss,155163,2018-07-23,2018-07-26,4,34.8,33.4,2018
Neuss,155163,2018-08-01,2018-08-03,3,34.0,32.6,2018
Neuss,155163,2019-06-23,2019-06-25,3,35.4,32.5,2019
Neuss,155163,2019-07-22,2019-07-25,4,39.3,37.0,2019
Neuss,155163,2019-08-23,2019-08-27,5,32.8,31.0,2019
Neuss,155163,2020-08-05,2020-08-12,8,35.9,33.4,2020
Neuss,155163,2021-06-15,2021-06-18,4,33.4,31.1,2021
Neuss,155163,2022-07-17,2022-07-19,3,37.0,33.6,2022
Neuss,155163,2022-08-09,2022-08-13,5,32.4,31.9,2022
Neuss,155163,2022-08-22,2022-08-24,3,32.6,31.5,2022
Neuss,155163,2023-06-08,2023-06-11,4,29.2,28.8,2023
Neuss,155163,2023-09-05,2023-09-10,6,29.9,29.0,2023
Neuss,155163,2025-06-29,2025-07-01,3,36.6,34.7,2025
Neuss,155163,2025-08-11,2025-08-13,3,33.8,33.3,2025
Regensburg,151517,1982-05-31,1982-06-05,6,30.3,29.2,1982
Regensburg,151517,1983-07-25,1983-07-27,3,36.7,33.9,1983
Regensburg,151517,1992-08-06,1992-08-08,3,34.1,33.1,1992
Regensburg,151517,1994-06-25,1994-06-27,3,32.4,31.8,1994
Regensburg,151517,1994-07-27,1994-07-31,5,32.6,31.8,1994
Regensburg,151517,1994-08-03,1994-08-05,3,33.2,32.2,1994
Regensburg,151517,1998-06-04,1998-06-06,3,31.6,30.5,1998
Regensburg,151517,2000-06-19,2000-06-21,3,31.5,30.2,2000
Regensburg,151517,2002-06-17,2002-06-19,3,31.3,30.9,2002
Regensburg,151517,2003-06-09,2003-06-11,3,32.7,30.7,2003
Regensburg,151517,2003-08-02,2003-08-13,12,36.0,32.8,2003
Regensburg,151517,2006-07-19,2006-07-21,3,33.0,32.1,2006
Regensburg,151517,2008-05-26,2008-05-29,4,30.0,29.1,2008
Regensburg,151517,2010-07-09,2010-07-11,3,32.1,31.7,2010
Regensburg,151517,2011-08-20,2011-08-23,4,30.8,30.5,2011
Regensburg,151517,2012-08-18,2012-08-20,3,34.1,32.2,2012
Regensburg,151517,2013-06-16,2013-06-19,4,32.3,31.7,2013
Regensburg,151517,2013-08-04,2013-08-06,3,32.4,31.8,2013
Regensburg,151517,2014-06-07,2014-06-10,4,32.2,30.8,2014
Regensburg,151517,2015-07-02,2015-07-04,3,33.5,32.5,2015
Regensburg,151517,2015-08-05,2015-08-13,9,35.6,33.4,2015
Regensburg,151517,2015-08-28,2015-08-31,4,32.7,31.5,2015
Regensburg,151517,2017-06-19,2017-06-21,3,32.2,31.5,2017
Regensburg,151517,2018-07-29,2018-08-03,6,34.8,33.1,2018
Regensburg,151517,2018-08-05,2018-08-08,4,33.8,32.4,2018
Regensburg,151517,2019-06-24,2019-06-26,3,34.7,32.4,2019
Regensburg,151517,2019-06-28,2019-06-30,3,34.8,32.4,2019
Regensburg,151517,2019-07-23,2019-07-25,3,35.2,34.4,2019
Regensburg,151517,2021-06-16,2021-06-19,4,31.0,30.6,2021
Regensburg,151517,2022-08-02,2022-08-04,3,33.1,32.5,2022
Regensburg,151517,2023-08-18,2023-08-21,4,31.6,30.9,2023
Regensburg,151517,2024-08-28,2024-08-31,4,30.4,29.6,2024
Regensburg,151517,2025-06-28,2025-07-01,4,34.0,32.2,2025
Regensburg,151517,2025-08-12,2025-08-14,3,33.4,32.7,2025
